PC1,PC2,PC3,quality
-1.6195298795599251,0.45095009169873546,-1.7744541482708345,5
-0.7991699349839567,1.8565530606792282,-0.9116901661672268,5
-0.748479092775351,0.8820388613867932,-1.1713942288914594,5
2.357672633178439,-0.2699760093806816,0.24348869668940387,6
-1.6195298795599242,0.45095009169873645,-1.774454148270842,5
-1.5837072733679622,0.5691948836514819,-1.5382860513412087,5
-1.1014640297998552,0.6080149987840192,-1.0759147951434858,5
-2.2487076476621812,-0.4168347770060548,-0.9868371863582877,7
-1.0868865233527092,-0.3085694951060131,-1.5181502079043472,7
0.6547895249460738,1.6652073957838653,1.2094762238483838,5
-1.125204286455551,0.8605121934499257,-0.7722158721380138,5
0.6547895249460738,1.6652073957838653,1.2094762238483838,5
-3.0268610323220515,0.49353969150554333,-0.22016621530133199,5
1.5388977301543811,-0.23512582864212186,0.04750606840603512,5
1.5652680835125399,4.795247030492098,1.4150768998581371,5
1.621248786971715,4.780069779618042,1.521007825207908,5
1.174565616494564,1.1427982171557844,2.394313122502802,7
2.695204740121193,1.2154942019634891,-0.12339490382922523,5
-0.7224383082083911,0.5046719140701336,-1.747083477048904,4
3.335312755443249,0.7536687550166694,0.4581600254662532,6
0.6236446132149635,0.44011331171546814,0.9821746992518494,6
-0.20598453653144194,0.9679491803451141,0.45496381397627644,5
0.6964073097695556,-0.3969987367022084,-0.255875813099273,5
0.05310563473638969,0.41654274285123544,-0.9324305897724188,5
-0.8785553431477112,0.3811331862952168,0.07155311057325245,6
-1.1646340665135717,-0.6103550449558577,-0.5679175135311685,5
-0.23939378666814728,-1.194010781879526,-0.9984325053737195,5
0.6964073097695556,-0.3969987367022084,-0.255875813099273,5
-1.7352178389039354,0.5887956403312596,-1.5770915886098422,5
-1.3223717358754261,-0.4104065861625239,-1.5391736951416712,6
-1.5597568101209216,1.1619037455913435,-0.27310404740265926,5
-1.8055655652213107,0.670977197453184,-0.4901770642727097,6
-0.08957396557773449,1.564434616901824,-0.19412565823761815,5
-0.08680577790653843,4.397298606466499,0.5965298437616594,6
-1.084095921204124,0.06216736337775362,0.04451762037871718,5
-0.561628091922308,0.5196887485516423,-1.9412028774428445,6
-0.8281130123869223,-0.988522783051851,-1.1720989798558057,6
0.4340597392072055,-0.5495251925698861,-0.111808419489956,7
-2.9866737062837427,0.3196738517227608,-2.4298312958083605,4
0.764375741545093,1.0590984191309392,1.019015793415975,5
0.764375741545093,1.0590984191309392,1.019015793415975,5
0.35088097525812123,0.7156797358082607,-1.0600042809747667,4
1.401391693481644,-0.19778938820591485,-0.6658359897929936,6
0.3618357391778293,-0.6802530754908112,-0.05258741425120729,5
-2.1419993938305306,-0.5934858816056487,-1.8052259741552847,5
-4.278923878473541,-1.2747746283135286,1.8726971538820647,4
0.23321593871814947,2.4852782512364313,-0.4395691541548552,5
1.2330936764382148,-0.6704409729285493,-0.08197897188561158,5
-0.9392660840130546,-1.0731329349366379,-0.9246093991751411,5
-0.657852624019698,0.46050800397699954,0.7074440501510388,5
0.5884071167499695,-0.5509120997524748,-1.6605262162138783,5
-1.561117152458907,-0.5390383598932543,-1.0207517304276845,6
-1.5213443963697595,-0.7227802438943582,-1.0367776311289894,6
0.846393849254527,2.123361079511998,1.0948230984926486,5
-0.2549825024898935,1.4610657534983371,0.910500113495027,6
-0.7114308045697099,1.5108724635086501,-0.8117722779469614,5
2.3010990792960424,-1.2849985020154424,-0.8202246598300462,5
0.312942183818771,4.2074173466317255,1.2101047800223108,5
-0.7531984283695825,0.5697809827368935,-0.49604902581490584,5
-0.5179055290211998,-0.25864334990795484,-0.3163941117476709,6
0.5328216874303512,0.437971959755412,-0.1285304169801392,5
0.7035815443154121,1.7969729990637147,0.14958168692740034,5
-0.6975137387307143,-0.04081962017603639,-0.8258825953062247,7
-1.55792376306704,0.6697502064718177,-1.1332088233208144,5
-1.70642174704057,-0.4252041618930728,-1.4631520238825226,5
-1.70642174704057,-0.4252041618930728,-1.4631520238825226,5
-1.0603795646731562,-0.1034292478941298,-0.9125907130137912,5
-1.9577516485305113,-0.8544495329887115,-1.1877850984394267,5
1.402824490734038,-0.0055845314200091995,1.745636595984198,5
-0.757961457436657,-0.7224766700301762,-0.6797314867848024,6
-1.0002319849912453,0.16100674307505994,-1.2886904167742845,6
-0.7698008177239111,1.4264225633955048,-0.4657314506503078,5
-0.8564744067112842,1.4154045384025664,-0.49911827840873213,5
-0.14632245481969122,0.41808573823982625,-1.5473468719715977,4
2.069585423047007,1.090478612479437,1.1877446331384112,5
0.9135346334418596,-0.7510403841285902,0.14250518762124242,5
0.9135346334418596,-0.7510403841285902,0.14250518762124242,5
-2.168973084607842,0.265131631533515,-1.102674532724681,6
-1.6937334706249025,0.8770068202542353,-0.6697441205132288,5
0.8951946477362795,2.211040436330269,0.8165550258804372,4
-1.309847711744907,-0.9940466244625253,-1.1051641164988357,5
4.283261192004212,1.5722561502751793,0.8617468422465456,5
0.11963981771266223,0.9956804837205443,0.05451331643452181,5
2.099284530672486,1.4967070796617863,-0.6606394113279747,5
-0.2791697507054983,-0.31094125744817064,1.5313370214061925,6
-1.2988014359669444,0.21490749575253856,-0.1426340290311602,5
3.3214305188753372,1.560572946865856,2.720481188166485,6
-0.511753217914407,-0.5315275981352596,-0.6423037642102174,5
2.508406299803807,2.154272716166659,2.192856814177002,5
-1.3573052624731639,0.10164320174750203,-1.9132417991418476,5
-0.1748202744311634,3.0903702242958744,1.4232355961172338,5
3.3214305188753372,1.560572946865856,2.720481188166485,6
3.410546697732131,1.5006177916693455,2.6747409066163104,5
-0.511753217914407,-0.5315275981352596,-0.6423037642102174,5
-4.636036391631365,2.360364766561073,0.558477107705853,4
-4.0940193318190525,0.06608664723218752,2.461235361745356,6
-1.894470755584235,-0.07423860606090371,-1.3368474188356592,5
-0.32183112377261663,-0.7660024084017657,-1.164986190725944,5
-1.5398143917383538,-0.17276696545580575,-2.332281308752666,5
-0.21929930251454757,0.2112138614718524,-1.2285696183949097,6
-0.29057516058280697,-0.01753574448025336,-0.5860666681118897,6
-0.4651801589297109,-1.080165400249427,-0.4624953937573475,6
-0.21929930251454757,0.2112138614718524,-1.2285696183949097,6
-0.3441908257537422,0.6085879545191586,-0.939118723509412,5
-0.7786889407794686,-0.4799043927220185,-1.007935380181692,5
-0.3441908257537422,0.6085879545191586,-0.939118723509412,5
4.4451143690431625,1.3811915826524583,0.7273885830800038,5
-0.7906447831637807,0.7648055630788381,-0.23563633141406165,5
1.121407946739616,0.578347033909665,0.9815451466771861,6
0.7760372372468148,3.516485261923814,0.9678304364472431,5
0.3893093279982459,0.09999715107357897,-0.3252585583934637,5
-0.0669258527700155,1.2028885081278153,-0.3436866199442534,5
-0.02017285871752023,1.3668136410235536,-0.13071655811293495,5
1.612126255431409,0.15783709063706353,0.20631667817221513,6
0.3893093279982459,0.09999715107357897,-0.3252585583934637,5
1.1701730688001348,-0.27529386159776575,0.2214032344790655,6
-0.1289734058386132,-0.19692413099694522,-0.7332629501395128,6
-0.8436932927981623,-0.2370061648422711,-1.5392541751502213,6
-0.2852959177728676,0.0583134596677203,-0.2666267468024856,6
-1.3649561190483288,1.7724328640410747,-0.525201806716472,6
-1.1259928612974186,2.076703982979022,-2.255974251629892,5
-0.2852959177728676,0.0583134596677203,-0.2666267468024856,6
-1.5080361038382286,-0.0890221713079368,-2.441646193457203,5
-1.2702303585723305,0.5185231938554445,-1.7951739990896851,5
-0.9871753021645517,1.3689823337157803,0.14192976953397163,5
0.6535981741938699,2.199205536461282,-0.5778726392737279,5
-2.830574054969637,-0.1296693790381431,-3.1752466366940673,5
-2.88655807759071,-0.09821953821393528,-3.175717812476698,5
-0.648936379152708,-1.3198572292293937,-0.4996186526010556,7
-1.435137991768258,-0.9030025936645805,-0.6499094643064677,5
0.7291803576305891,2.7041346315175416,0.6828678468043657,5
-3.1815674801918834,-0.22239202779345424,2.4218224844148963,5
-3.1815674801918834,-0.22239202779345424,2.4218224844148963,5
-1.9402884612113074,-0.2607465017147086,-0.3964798635319043,6
-1.3980457871172203,0.5703002448765314,-2.1268613568685137,6
-0.08156797552433381,0.8576911642980658,-0.7303434088095082,5
-0.08831828941413752,0.3653747056274377,-1.123769549787022,5
-0.30947037236651903,0.048255756933370836,-0.27616215463967175,5
-0.6509153483795553,1.3050471411220956,-0.12243393854924031,5
-0.6376333052757239,1.435486945528448,-0.021933682898301356,5
-0.08156797552433381,0.8576911642980658,-0.7303434088095082,5
-0.08831828941413752,0.3653747056274377,-1.123769549787022,5
-3.861759370650241,-1.2540206557623237,3.864239248197365,6
-1.3645525915109107,-1.032057918163568,-0.8788771641075509,5
-3.861759370650241,-1.2540206557623237,3.864239248197365,6
0.9478565718357301,2.7739040468001877,0.898103167513034,5
-2.8661662598058895,1.423467492112579,0.2045912027546291,5
1.3500850062240355,1.0865134367593738,-0.40866942263343536,5
-1.4147754495275515,-0.4005861100166789,-0.3595197699518314,6
0.046225123682244684,-0.479170397527354,0.21954255013822724,6
-0.05234471457224401,-1.7035736583207808,-0.08056572597668894,6
8.653323829540449,2.7583274762513863,1.8012931267504257,4
-1.5483622370744716,1.518420609658387,0.39329418252691073,5
-1.5483622370744716,1.518420609658387,0.39329418252691073,5
0.2712944722379184,2.43315503191789,2.186698644055342,5
0.26421085176276143,2.372087551871581,2.1174091300970392,5
0.2712944722379184,2.43315503191789,2.186698644055342,5
0.26421085176276143,2.372087551871581,2.1174091300970392,5
-1.850440267747037,0.26587555404598195,-1.745021165507283,5
-1.6116568675554097,1.3626049660125246,-0.28765721950443895,6
-1.2863662634398962,0.1021071816702065,-2.3880890174625775,5
-0.11205431491474584,-0.2955952783186855,-1.0919844738455404,4
-1.0745940541248753,-0.06125010349031257,-0.6744675248944761,6
0.022625466873871732,3.9115993135589147,0.833209281509223,5
-0.020021124150120972,3.821793003573305,0.8351994052785878,5
0.47897087934827914,0.9279228819222164,-0.04127984155957423,5
-1.5053459390871395,1.329051680896537,0.10153277537008443,5
-1.5758280610952802,0.45053593059799446,-1.0092168950051261,4
-1.9725361028974044,-0.09185951996594581,-0.5232279802632288,6
2.872658439803237,1.3782062537619082,0.18735508619586358,5
-1.7374823767807341,-0.111104837458617,-3.212804191286021,4
-0.07798134231184492,-0.6849063207674955,-1.2344224313076206,6
-0.07798134231184492,-0.6849063207674955,-1.2344224313076206,6
-1.7785428883388337,0.06310800140916788,0.33303418191583506,6
-0.6626505532160976,-0.579703841868253,-0.7272594374895023,5
-1.075791899292215,0.4085488113027669,-0.051788041916737686,5
-0.6626505532160976,-0.579703841868253,-0.7272594374895023,5
-0.6171102918821859,-0.6065352116333743,-0.18843932762514676,6
-1.9666338630002813,0.10414287448584206,-2.0134981040213082,5
0.0007363889102813832,0.10410823897053188,-1.2492211219264862,5
0.0007363889102813832,0.10410823897053188,-1.2492211219264862,5
2.639629560722124,2.2138621596739156,0.48470407165470697,5
-1.591031445854393,0.9618520079352102,-1.513374279654119,5
-1.3683453725659749,0.6620699957214313,-0.8405685602443104,5
-1.3224964681678752,0.48903953171667686,-0.9850847573453333,6
1.3207044228493805,0.8621226946742319,0.9659277252660814,5
0.35135399491775515,0.3507291841395372,-0.026883212712152625,5
-1.0271375132030716,0.16195639686981775,-1.8035185151195983,5
0.33031342919773693,1.8120331211881975,0.4122021130508424,5
0.2942474924591048,1.8944150522156595,0.5136718876141761,5
0.6851392107121423,2.0677788645826904,0.5218680143254687,5
-1.1092669661590804,0.35211960375728535,0.36325828038858404,6
-0.5338842919268174,2.397159710616607,-0.008406477454413665,5
-0.5314281086259109,-0.5038471048527147,-1.0643204688701062,5
-0.5314281086259109,-0.5038471048527147,-1.0643204688701062,5
-0.05624522516201974,2.009498048041726,0.31419614412788816,5
-0.8389402162970919,0.2668793053220609,-0.12427826892176749,5
3.1687119244185302,-1.2973681775283237,0.4553632986093053,6
-3.6126789132141552,-0.4218128794521684,1.85997844698048,7
-3.217163611836813,-0.044087232606350786,-1.3808147141015656,4
1.40501467390583,-1.571262326448802,0.2953031531254975,7
2.4118183463452074,2.757687099991492,2.362525338042612,5
-1.0594048239547833,0.13642007065819822,0.02071287209956391,5
-0.3824647258294933,-0.05764675845177692,-0.2684965766881306,5
-0.337180025344675,-0.17582260048738557,-0.3774573681638451,6
3.7226552546670533,-1.4596929023139886,0.1891938181423221,7
3.7226552546670533,-1.4596929023139886,0.1891938181423221,7
-0.36001311538802566,2.0103708114200507,0.4704352428904074,5
0.4470084359476526,1.2525353851644727,0.3774118154407086,5
2.1830626064170007,-1.7844794394647798,0.33685432149875805,7
0.8348224403598947,-2.4799224143266434,1.006203527215182,6
-0.5726206310555881,0.5536574649546789,-0.9253144008849455,6
2.349558233604926,-1.6551357596397929,-0.6321744062389039,6
-0.7422193182297463,0.9078745871984976,0.22585045848920085,5
-0.3749358092509654,0.3964278645547688,-1.3651672121437977,6
0.6053585635386124,2.179090642142359,1.9721936212885516,5
-0.08591553808629211,-0.21190743305472587,-0.4212649804254356,5
-0.7009738214014679,0.40823781499318573,-1.5275174180092574,5
-1.0081885153048689,-0.2714812034708908,-0.5320601306078024,5
-0.009604810432315938,2.3507363074405045,0.9241888484871126,5
0.09598282827134309,0.4891473428806041,0.5559887296376592,6
-0.04369041970783462,0.710943258500294,-0.2343663579353723,5
-1.9285545215186783,-0.8923765574582574,-1.3947917439476063,5
0.15474158408257646,-0.3075203777470338,-1.420945199128828,6
0.07850707291499517,0.21061541616874438,-0.44261370306903536,4
-0.5987625958010963,0.7207375737626385,1.031538098881189,6
3.8419206216743294,1.7746477296201828,1.4715079157058073,6
-0.34161310504604625,0.2204156024250245,-2.0432616092130846,5
-0.5987625958010963,0.7207375737626385,1.031538098881189,6
-1.137337211237808,-0.5214147102439433,-0.19058587025210055,5
-3.321435102749658,0.07581732856575409,2.3050138926494195,7
-0.9130420736897888,-0.1998885839928445,-0.38083868928188347,6
0.45951873967913015,0.6094146813647555,0.0015148343195817717,6
-1.137337211237808,-0.5214147102439433,-0.19058587025210055,5
-1.2034298706345543,0.7102248197620594,-2.6533585423100967,6
-1.2462827370256533,0.6433141869665325,-1.4712553162808824,6
-1.2462827370256533,0.6433141869665325,-1.4712553162808824,6
-1.2902738760493568,0.6602833875428034,-1.3696014737520088,6
-1.2462827370256533,0.6433141869665325,-1.4712553162808824,6
-1.2034298706345543,0.7102248197620594,-2.6533585423100967,6
2.706119551908227,0.5174757062977123,-0.8527592868260442,5
2.951646124866785,-1.5092801953252208,-0.419951701418776,6
-0.4068937096707768,1.951542452921914,0.289260995863336,6
4.3848272440720715,-1.0247635260524364,-0.8531920991666991,7
4.3848272440720715,-1.0247635260524364,-0.8531920991666991,7
-1.1975516217408655,-0.19936518052369787,-1.1588638482573195,6
-1.4178381755544907,0.7708855748949252,-1.1433610979844333,5
-0.3858110468334401,0.7155250865419036,-1.0251680777675878,5
-1.233354191267432,-0.2709970813671089,-1.05684981064618,6
-1.1975516217408655,-0.19936518052369787,-1.1588638482573195,6
2.0077020630376086,-0.6850114741011681,0.11142335774767594,6
-1.471780258306755,0.2480808361584604,-0.7547132708614106,6
2.2026245528154402,-1.247606719181122,-0.7176501560377249,5
-0.08559582221338878,0.7329534748873755,-0.7847048593533873,5
-1.471780258306755,0.2480808361584604,-0.7547132708614106,6
-0.053326517613418174,1.9352626806632096,0.037291869236233226,5
1.3088638502087706,-1.0495722663442468,-1.120755881985652,5
-1.7829999544089907,0.8830724950339875,-1.1669711102049645,5
5.154538183201291,0.8029187119956511,-0.045231700443054024,5
1.8932237036517872,-0.6154245614384979,0.2374453249699112,7
-0.03083475962152182,-0.014675664329231492,0.08059896521414997,5
-1.8616630343601086,1.2600566509741136,-1.6459853737737045,4
-1.1791223417511043,-0.457161466481912,-0.7747521027225285,5
-0.020642827098337018,0.3822202744873595,0.2517861078351131,5
3.127578049269053,-1.198102527097863,-0.8014274643621908,5
2.2246350725837463,-2.068458208611144,-0.09953399274607545,7
-1.0019754373138086,2.3318184260084576,-1.2754508728722538,4
0.6747693401773137,-1.2618817279740075,1.9750085028172806,8
-1.145357313880833,0.14526292746500838,-0.9599507983079926,6
3.344700834615575,-1.1781117717909837,0.14466643591709,6
-0.7248860488500433,1.1646552375748258,0.6378181884778276,6
3.344700834615575,-1.1781117717909837,0.14466643591709,6
2.7714493278713226,0.3677494540970124,0.5137794219614163,5
-0.23543916667689324,0.2891500953372147,-1.4660339474811506,5
0.4275462204765703,3.189533256236016,0.20723209986336372,5
-0.7248860488500433,1.1646552375748258,0.6378181884778276,6
-1.145357313880833,0.14526292746500838,-0.9599507983079926,6
3.344700834615575,-1.1781117717909837,0.14466643591709,6
2.0184469857599843,-1.7212308683337212,1.1805167644825634,8
1.2357017357250852,0.28038121000402366,0.147227249235449,7
2.958256890895628,-0.9539421625700905,-0.5380471466799527,6
3.4036766475533,-0.6547201858269451,0.2861691782805154,7
-0.6283747189275527,0.6437735273137692,-0.9119631865767298,5
1.2357017357250852,0.28038121000402366,0.147227249235449,7
0.8564408581158215,2.216191682887559,-0.3809976732327447,5
0.8564408581158215,2.216191682887559,-0.3809976732327447,5
3.02957326426578,0.15025871790586864,0.16938493509890878,6
-0.495965512500211,0.8665070518925405,0.86617473034987,6
0.05324163028212617,0.3529699398181876,0.2247288950601716,7
3.573636836590485,2.26019002405299,0.7181318920490953,5
0.05324163028212617,0.3529699398181876,0.2247288950601716,7
3.138087288177724,-1.0116157780864796,-0.4274417965933178,5
1.286044680377665,0.48018267618866084,-0.7414969753254024,6
-0.5791072839568483,-1.115300462397845,-0.41837695971632444,6
4.374874748146723,0.3834500613326592,-0.5225027597328216,6
2.6554097669486225,-0.529397302010919,-1.6241439655963532,5
1.0261298846108167,1.535308718291604,-0.9060012896047791,5
-1.4939932496532997,0.11275174022244147,-1.3881236334210005,5
-1.2483651730899572,0.18920505212262373,-1.5727746267722367,5
-1.6818700593574751,0.2585058131983776,-1.4335186364834507,5
-1.1264712451376362,0.2740279861980687,0.026901608694396024,6
1.9386293864984008,-1.9306125976371695,-0.0821001815456819,6
-0.4496452622649887,0.3837548451346698,-1.4605289780255586,5
-0.8928311580340381,-0.180116986928749,-1.8741208739134463,5
1.1164615066257468,1.0197604539053982,-0.6326875518983122,5
2.160301781301653,-0.4346701750132904,-1.6896395839216953,6
-0.4910972431508526,0.14642952164014675,-1.060816888732822,5
2.5748415308363866,-0.43563268862363624,-1.63559724448495,6
2.616670574327562,-0.5033212819209469,-1.707474875734222,6
-0.22725766606435718,-0.8828622484373468,-0.250018055345289,6
2.160301781301653,-0.4346701750132904,-1.6896395839216953,6
-0.3755464114564063,1.1749067858120674,-0.013190291332355414,6
0.7792982786871,1.450877507648025,0.107438824476534,6
0.37109639660232135,2.654981240529101,0.8419823887567531,5
-0.31834225806037564,0.48826393737446827,1.5554283719596298,5
-0.5326234561043487,-0.14573853523416921,1.1511835503173278,6
0.98604239373777,2.509703790707436,0.45113320899658205,5
0.06822272057290925,1.8788849171132136,-0.3844600241084359,6
0.806771889482744,0.4657984756465572,0.2955382823744372,7
0.06822272057290925,1.8788849171132136,-0.3844600241084359,6
0.806771889482744,0.4657984756465572,0.2955382823744372,7
1.0916792269966273,2.0360684990730653,-0.41007089483204673,5
-0.5788303293895688,-0.21681767111772612,-1.8097015701172616,5
1.538708581030396,1.9136730440597445,0.1879884126678018,6
2.770131344608012,2.4101693769743364,-0.952739210407325,6
2.770131344608012,2.4101693769743364,-0.952739210407325,6
3.088271948989672,-1.5248795269648712,-0.14614254908881236,7
2.006969978578327,-1.3874525470409769,0.21292557990003297,5
3.847182388985814,-1.2415864320381345,-0.9015372778263424,6
1.5753528033322521,-1.0112956948857752,-1.2753091462794164,5
2.1154592093865814,-1.4712975527301724,1.070800501295403,6
2.1154592093865814,-1.4712975527301724,1.070800501295403,6
0.17865540687513534,2.036234446146615,0.08311023419330865,6
-0.386709347916659,-0.17657019206086194,-0.2756375759094468,5
-1.152894792250137,-0.2460459870683948,0.17384856422332404,7
2.6717712544209444,-1.1424457115145235,-0.39486226122579887,7
-0.1733217269619944,-2.5756454729619516,1.0969296610010009,6
0.18440497656922356,0.8452142718117577,0.825242823684672,5
3.701121398096761,1.1141659143200617,1.455665600922968,6
4.360085953933688,-0.9846650313428426,0.5967688531885156,7
3.8800994822703916,-0.8151317634848744,-0.3164938818324549,6
1.807738852437659,-1.8531093574609305,0.31483953436764095,6
1.9889514153940606,-1.2395024171832931,-0.81865765477592,6
1.9889514153940606,-1.2395024171832931,-0.81865765477592,6
2.996704781941115,-0.74065585357616,-1.0507779375409105,6
-1.7615899212850339,2.131105515775306,0.43262963468695603,5
-2.421955546991602,-0.30677199423525625,0.5970985183279536,7
4.063003659404629,-2.055664755703912,0.20918475168828035,6
1.680070085290431,0.1712278963149264,-0.18581943382490193,6
0.08156797388785662,0.6833549352885551,-1.9986501343952285,6
1.8212194713165089,0.6080828106778602,-1.0592874205668874,6
0.0657451304287934,0.6797324869324314,-2.1025724321468795,6
-0.5215125466738257,0.0502372592683236,-1.750901951503431,5
4.385367907186392,0.3483803484918944,1.321504209918704,5
-1.3515812947874852,1.3172855611934602,4.76111051587072,6
-2.705781383039311,-0.5993251340180231,0.43604384924340106,6
2.723443743086676,0.4355019216938113,1.045606160256606,5
2.1061349112005177,-1.3859029319345046,0.8807044231862412,7
3.6388419184216363,-0.8380617121836819,-0.3428141859456411,7
3.741400087041471,-0.4303380118172245,-0.8032984564136508,6
0.2955272142251905,1.1669837957727514,-0.802680405957072,5
0.8138335373687283,0.468577198139314,0.4208440700516525,6
2.9769582078954793,-0.6880494052298094,-1.2665350749071427,5
3.671844186068516,-1.5610434792052867,-0.6439482734527598,5
4.390653069235741,0.4504863945043128,-1.3634186901965806,7
1.9814234599916327,-1.5188573994865,0.6742719221681551,6
4.390653069235741,0.4504863945043128,-1.3634186901965806,7
2.5924386010003238,-0.07169022670008249,-1.4626570505702159,5
2.868225974461192,0.8654894088138689,-0.3219801997482477,5
1.9125895389549246,-2.462360991432104,1.7548850360091353,7
-1.8495910201984525,2.0196247781633536,0.10576773818352728,5
0.7868312093391255,-0.8351799527571538,0.09382313845228724,6
1.336628634934432,-0.46512574660053635,1.941741895433607,6
0.3248483965046781,0.7103423891860006,-0.5558583863300809,5
4.789100720932039,-0.6562625327487064,-0.5097907347063472,6
3.594374822971768,-1.4267661197769366,0.11347382066366882,7
3.0139608793867816,-0.14964683611890855,0.7798669524019696,6
1.9125895389549246,-2.462360991432104,1.7548850360091353,7
3.2341991469034976,-1.386190087551283,1.028005867059352,6
0.6695622555127335,0.39391141668542684,0.8844652523688584,6
1.355873964656933,-0.8144367569983626,0.06829038918450187,6
4.5935264322588765,-0.08946889927003021,-0.43690554604226145,6
1.355873964656933,-0.8144367569983626,0.06829038918450187,6
1.355873964656933,-0.8144367569983626,0.06829038918450187,6
0.004783839137166717,0.984215247979104,-0.1555901036592619,5
-0.7393599300452816,0.33722741309310494,-1.0598942963752078,6
-0.015493462696007631,0.9314155249768324,-0.35223249251762523,6
-0.5649616886456319,0.507072037171539,-1.1470633295725916,6
0.02752685610557974,0.8766977905452679,-0.10182371150915433,6
1.43933224485856,0.04932231735119094,-0.08548794201082667,7
-3.6357401688024553,-0.44586480950741403,1.6001691146762471,8
4.5935264322588765,-0.08946889927003021,-0.43690554604226145,6
1.594887956749832,-0.9552131681976144,-0.9431793690493487,5
1.2001259240865545,1.1443398290497928,-0.5476417456335351,5
3.2680218320215926,-0.8800006176567549,-1.6250669495077774,5
3.1763703212988466,-1.6595787403720759,0.8036882521316512,7
-0.7938026887224148,6.222604816595062,1.6485436343563622,5
2.316502363341557,-0.4009406089911351,-0.2548350863378201,6
2.316502363341557,-0.4009406089911351,-0.2548350863378201,6
0.019330265879659886,0.17522986305564256,-1.6123753515879944,5
-0.7938026887224148,6.222604816595062,1.6485436343563622,5
-0.6205928734023615,-0.9146718888144285,1.01456762263408,6
2.9964057024824475,0.30798180972096084,-0.2249026815827656,6
2.2784035199839456,-0.3155000913366086,-0.9589325700257193,6
-0.6131879622536224,0.6413609186167953,-1.6264360978413448,5
0.6129803357349792,-1.3481507002624966,0.38545714955711485,6
1.337068943107191,-1.0963538906658257,-0.17441201184040941,6
3.108875930025163,-0.9005058682044222,-0.17748656557215292,7
2.4579020633248305,-1.4786860638663093,0.2789030255381638,6
2.864943028281635,0.7985058412302447,-0.09297418019975254,4
0.6985937910559342,1.4914936242577597,0.3001084969547009,6
0.718129402959065,1.20288626305546,0.04634689711397331,5
-0.6885625005414887,1.275190259733883,-0.8934492289799713,5
2.3215866755388452,-0.897088032484737,0.6166520656477606,7
0.8292931978130551,2.1633590432876755,0.3880107412449111,5
1.9665107324759807,4.337013993154065,0.5090643140528178,5
1.7348103656709095,-1.874737555575094,0.17888206266637158,6
-1.7273938781817826,2.2774553813271496,1.2222281153876633,5
2.828144976456606,-1.1974679930110754,-0.6988469009180799,6
-2.2391736674639287,1.7592747458710094,-0.27925146645908355,5
0.5106157520180641,0.7410419320797805,1.5155065143740898,7
-2.9388644420573917,0.6182327149463942,0.7822700070333922,7
-1.9084363081537106,0.44169192990650213,-0.8983770341209405,5
2.309985425955041,-1.9013124486154362,0.6034195894857897,7
-1.9084363081537106,0.44169192990650213,-0.8983770341209405,5
-2.9388644420573917,0.6182327149463942,0.7822700070333922,7
-2.6707163972826606,-0.08695366584673077,0.29366646944676694,6
0.20066214330318535,-0.3301031360626293,-1.823541152830769,6
0.633855859724711,-0.4772104580086076,-1.2703908355522637,5
2.8257145394475685,-0.07206526068917156,-1.619773779092462,6
2.309985425955041,-1.9013124486154362,0.6034195894857897,7
0.2127315335606162,1.0309423634545747,-0.36215606661749705,5
2.565580922889666,-2.4421748974158812,1.3707024187424364,6
3.2142871701644857,-0.9396309199953751,-1.6033784852832171,5
2.850826547529466,0.47671651785878705,0.4638042308820836,6
3.2142871701644857,-0.9396309199953751,-1.6033784852832171,5
-0.6255280881867229,1.3643723915201345,0.6657831796163496,6
2.675853311941227,-1.5612255310541667,-0.033364785257571875,6
2.850826547529466,0.47671651785878705,0.4638042308820836,6
-0.5521699251844685,-0.153033449762934,-0.9871912166494775,5
4.411857544621926,-1.4448112356832026,-0.29702163963927597,8
3.049733429445535,-1.707851870095747,-0.051332101631454165,6
5.53703430864352,-0.38672202492496155,-1.6066831914045658,7
1.0489634372595165,-1.608449614401354,0.4572037699627076,7
-3.13762456476151,-1.874818076813443,1.075117279851347,7
0.10045907494217483,-0.12291621735199154,-2.0532701531306192,6
3.3912814035929104,0.7277726562155248,0.9269727333953386,5
0.8059203800513041,-1.4161691284409461,-0.33645517466669356,5
0.16089106573085118,-0.7203223643863645,-0.9998165317770709,6
3.2834957889918623,-0.6415088008885924,0.07503398823137417,6
3.2834957889918623,-0.6415088008885924,0.07503398823137417,6
3.9224729376312193,0.2626115409958347,-0.6918028311708113,6
-1.5123912476861852,0.23845342135640615,-0.5419396217873381,6
2.554541215299542,-1.5580914085566115,0.04055302731358932,7
-0.8506346052852032,-0.5475870164553363,1.9938035116368258,5
2.367055385715294,-1.6462128175883721,0.5330150406501349,8
0.515016532115459,-0.720432006238482,-1.2639481475249295,5
0.4878535998563296,1.7437212389333503,-0.5549214502387192,5
2.554541215299542,-1.5580914085566115,0.04055302731358932,7
2.751515589164908,0.21606044557164658,-1.6475496462447567,3
0.8215764226659412,-1.1587911649979008,0.34292237760749744,6
0.2757095998751789,-0.17999063538058444,-1.8058616565668486,5
2.289461931480526,-2.029066300135211,0.9736830050663802,5
1.5426851117820002,2.318005329536942,0.3370163661802608,5
3.3122211583706775,-1.2516548788299013,-1.0873485203697646,6
1.952612588942764,-0.4219912746383831,-0.3329455776176888,5
1.503058828498959,-0.34731260783732243,0.625636015010424,6
-0.07836589901698272,-2.8408172783820373,1.9333936305629338,6
3.2270314910680544,-0.9342831478425162,-1.216396201041073,6
-1.220282720895669,1.3686094865526475,-0.4586008174548246,5
3.781797475363745,-0.6279096265980263,0.006174950992617729,5
0.9666295414527967,-0.0210461660249846,0.9233218145562823,6
3.289102325150187,0.3998314604222737,0.7427278152457547,6
1.5890057248053064,-1.9040018231722058,0.14424042605700974,5
2.4572392544311925,-1.0738593113541708,-0.11852628252109544,6
0.9272853346351122,-0.4037195648651155,-1.7890508106499285,5
1.4104816141520788,-1.2654788138376636,-0.4883313977377684,5
2.4592976086587153,-2.055947683678527,0.8498340983232336,6
0.9272853346351122,-0.4037195648651155,-1.7890508106499285,5
0.48841091668035036,-0.14915432295578562,-1.6090925906492377,6
4.434488117052109,2.0935319046410785,-0.7214285110754063,5
1.926653612469103,-2.183017105723941,1.1891358509293226,8
3.723131644823698,-0.9898697093795997,-0.42495756746598784,5
3.7578171079804337,-0.9507676492358194,-0.355206637251016,5
2.4842780807153417,-2.146817021397714,1.1761113915132777,6
0.7733052649072837,-0.9231624778224478,-1.7227987161588236,5
0.7733052649072837,-0.9231624778224478,-1.7227987161588236,5
0.7756812448018346,-0.9763317988708564,-1.9626135731124676,6
2.843647172110394,0.813189194417282,1.6307684775991709,7
1.1329408571683806,-0.7847709954189416,-0.20708183949451053,6
0.2547192874549057,1.0407474525216371,-0.42736678173065856,6
0.2743652536208907,-2.349446077067774,1.9858210650159112,7
0.3839519462866209,-2.346198943594571,2.372490413291191,7
0.26098462471964473,1.2169336998498521,0.37904957478285095,6
-1.0262892881432,1.5300139336512983,2.734694387048087,6
1.9459265638612737,-1.8892524713582197,-0.010248181761294217,8
-0.13236166660874818,0.3824261317874883,-1.058248548775678,6
0.07467375387589285,1.936830041664453,2.915342857457283,5
1.9459265638612737,-1.8892524713582197,-0.010248181761294217,8
0.26098462471964473,1.2169336998498521,0.37904957478285095,6
-0.13236166660874818,0.3824261317874883,-1.058248548775678,6
3.074967313399512,1.3638655879872028,2.7040205462925564,7
3.074967313399512,1.3638655879872028,2.7040205462925564,7
2.400907959981255,-1.8896736952512803,0.7491694806371362,7
2.231941195842307,-1.9031659224247963,0.6968985590740839,7
1.8015424932883268,-1.8591275223407984,1.0706314358486018,7
2.1326622274684564,-1.9432184720313828,0.7124718441187813,7
2.50938042103969,-0.5838429482315192,-1.923583006726059,6
1.3467202587788962,1.0770668240606636,-0.3602297481524253,6
3.927989479169022,-0.8668028713478885,1.1492339686589932,7
3.024293314148802,0.31340886394184225,-0.26549123087363796,5
1.3467202587788962,1.0770668240606636,-0.3602297481524253,6
2.8217336726336915,-0.10472247540988479,-0.10763454323912026,6
2.201069174094389,-1.8893812762690445,0.01061913193910719,7
2.201069174094389,-1.8893812762690445,0.01061913193910719,7
2.6443735126349477,4.336470828683808,1.4255608859287265,5
2.879122952931562,-1.0718662087279807,-0.8696742934590594,6
2.634679907879502,0.09256716736138686,-2.558874711902451,3
1.9558882247197327,-1.6761461912773201,1.046034539078874,6
0.3566285351567099,1.5526093250109638,2.7788471701124644,5
1.7072111654799602,-0.6504251137388369,0.695787055453774,6
0.3171772292685298,0.18387036958983646,-0.2312163346368462,5
1.2410749274415889,2.9406139951202466,2.7984105751928245,5
1.3775382711809372,2.8177071996057177,1.511026772592158,5
1.3848824940789395,1.586508634610068,0.7960806862146681,5
1.3414785138779715,1.4895425974082275,-0.6677141656730674,5
0.3566285351567099,1.5526093250109638,2.7788471701124644,5
0.07268295880319026,0.7736715890134315,2.536398691712206,6
1.235575081392732,1.4715583892773711,0.3343754475269102,6
0.944742402547869,-0.23556457255427135,-1.7315081891290438,5
1.0138880616660428,-1.3821479289571583,-0.19573216922967282,6
2.9383534148977035,-0.3275257312160398,-0.6725503782260682,5
2.9383534148977035,-0.3275257312160398,-0.6725503782260682,5
0.4733411946802039,-1.9151305157828906,1.5282545572744997,6
1.218591362641802,0.10560591302188714,-1.2587632049436053,6
1.0138880616660428,-1.3821479289571583,-0.19573216922967282,6
0.944742402547869,-0.23556457255427135,-1.7315081891290438,5
-0.5205232391585193,-0.7812905600550436,-1.3202084154233764,6
3.4425225890501223,-0.9061752760406598,-0.06732949193822833,7
3.0266521071537684,-1.0160334728287026,-0.39768749758295074,5
0.8968921472356078,1.0127639515904168,-0.7868362659289455,5
2.0033984448543958,-0.7173179524770653,-0.09604487759446143,6
0.3168924737824771,-0.7045140064817274,-1.6696134823658415,5
1.8247769451301248,0.23060729311940809,-0.6978365942398173,6
5.50208117866921,-1.1052961880998182,-1.6189196690784944,6
1.8239973659046558,2.5054265428691136,0.7947917132303612,5
-0.2215594283665711,-0.12598823706605497,-0.9121624670791784,6
2.186828988263717,-1.5535144769810847,0.12281454408378999,6
3.0844933988386383,0.5270151151515527,0.7175390558262876,6
1.3535420623964536,-0.4548103150215229,-1.294546615723277,6
-1.417265027767857,-0.3240139980866085,-1.0578566505924736,6
1.1680107865287397,0.03979639782524676,-0.28898705937805885,6
1.358281009478755,0.03764360846001504,-0.39812994742359037,6
-4.065240931958505,1.594531282439188,1.2382152268219662,5
5.0919371720987705,-0.2850124482034717,-1.7631063344659201,5
5.0919371720987705,-0.2850124482034717,-1.7631063344659201,5
2.72679521912486,-0.6602071843636089,-0.6691553963781882,6
5.120049763471575,-0.29136116692310965,-1.7701903851348302,5
2.72679521912486,-0.6602071843636089,-0.6691553963781882,6
3.0628786927035634,-0.8682337614131558,-0.10798377397875498,6
2.457380888785115,-1.350131052560813,-1.149211505181408,5
1.2602333703870714,1.9701236502750088,0.7050861357079459,5
1.744220018453044,2.8531245451527427,0.8870051964082517,5
0.693928569348284,0.40902795212400245,1.1398876888667122,6
3.0628786927035634,-0.8682337614131558,-0.10798377397875498,6
2.457380888785115,-1.350131052560813,-1.149211505181408,5
0.9754024843834821,0.4342664677013593,-2.6729600380093785,6
0.9754024843834821,0.4342664677013593,-2.6729600380093785,6
2.367762327833781,-0.6273688748617412,-0.8527237630461082,6
-1.9085880544912837,-0.7625046861681845,1.481470604875938,6
2.6852104136224972,-0.8309621349624087,0.2814223244214539,6
-1.9085880544912837,-0.7625046861681845,1.481470604875938,6
2.010451801034568,-1.2645712666469295,0.10801568299773352,5
1.4055815163629561,0.17475861678405946,-1.064871098958358,4
2.4101750597219125,0.6850393783726813,0.5189065015434243,6
3.039569954394815,0.210337228401807,0.8190292420628745,6
0.44935630297574347,-0.84778204624734,-1.4446625039002263,4
1.17023194693535,1.4490722626070973,0.432238474092345,5
1.1489020517134845,1.3451314864212767,0.4383519236575059,5
1.8141879414487034,-0.4432074210051332,-0.036170173261771514,6
2.5061148244526827,-0.8541626444945312,-2.1257795550816607,5
2.5061148244526827,-0.8541626444945312,-2.1257795550816607,5
2.3106895364385758,-0.7105361208665496,-2.194211997543365,5
2.939325051009652,-1.3998479324815203,-0.38534703573637563,7
2.6417338324359387,2.2453082269319617,2.128190833596626,7
-0.3282850468409531,-0.04662828172663149,-0.8920118500237673,6
3.070806831847587,-0.53798465975747,0.8991144147962825,7
-0.4138849117849642,1.8209320738733297,-0.549052686715911,5
-3.5334175807450423,-1.8282777186098338,3.4245525475123966,8
2.2884413683049485,-1.7985755110429207,-0.06270287349996304,7
1.0591690482420006,0.9384035971961356,0.11456096835201869,5
-0.6460728358005028,0.7088849384805835,2.9686407950461664,6
1.0591690482420006,0.9384035971961356,0.11456096835201869,5
2.2455315428274587,0.3936140643165454,-1.3216279020409774,5
-0.7074563084042842,0.9923752643900298,-1.279347054251451,5
1.6993205478388222,3.5677005631142067,0.3340226400336948,5
3.082590146095737,-0.9726784880621149,-1.4543339382353304,6
2.4448727305021154,-1.2851378511048661,-1.2867832697906212,6
-0.1877384757233845,-0.5317887475621527,-1.4912179801916134,6
3.269702465306973,-0.2615474649357631,-1.8224966568539192,6
-0.7753113602972223,-0.19715309442596685,-2.011412240812423,4
3.3688490447711237,-0.10879250803285846,-1.6969272796578856,6
-1.1299632639182775,0.19703692199506076,-2.630655109216273,5
3.3688490447711237,-0.10879250803285846,-1.6969272796578856,6
0.5168857258771015,1.1686368421917013,-1.2063165961020774,6
-0.042202950064701074,0.01503202338360514,-1.9198308993866688,6
1.1376351105210532,-1.4137777721541618,1.06939668997206,7
0.7138776983868695,0.7223214787999768,0.3325320156240287,6
2.148392864425557,1.3816252041963186,-1.2787272439807436,6
-1.9144044167331336,-1.076235500103434,1.507852762504439,6
1.1729366311554346,0.5919938175992322,0.5159957004385729,5
3.92419224179506,-0.9456702417565793,-1.8169892659739355,5
-1.221885039692171,0.31375165655436404,-0.8645845302899088,6
0.39103570761086964,-1.0355509588530485,-0.002113404525271632,5
2.3421941750550954,1.1045716789358868,0.2927874859550931,6
0.7543492823746324,1.4540967724180756,-0.1801880710550062,5
0.7543492823746324,1.4540967724180756,-0.1801880710550062,5
3.2325815337668287,-0.8934331583434388,0.15595046266665594,6
3.0997710174807955,-0.8912664210424618,-1.3891990985758382,5
2.7503633999212114,-0.9767789669241401,-1.080622741446526,5
0.3239205326365576,1.8006056073319188,-0.03609265250422253,5
0.24146845934344324,1.6132130090149968,-0.23565008508397473,5
0.7895434017324086,-0.29025363667119153,-1.539790351057253,5
-0.28960173789345395,-0.3074538352098228,1.481600594860917,6
-0.5076451034782693,2.1532856986969167,-0.6316288460861069,5
-0.5076451034782693,2.1532856986969167,-0.6316288460861069,5
0.3024943644179245,-0.27259761150475825,-2.2056182120504184,5
0.3024943644179245,-0.27259761150475825,-2.2056182120504184,5
0.45476945422365533,-0.15429774393480017,-1.3699548048511432,6
-0.15032642072744062,1.5699837438700557,-0.47283755382681925,5
0.45476945422365533,-0.15429774393480017,-1.3699548048511432,6
2.3309980118386964,-1.0535209550027118,-0.7802261840971275,5
-0.5640455701006848,0.19511473607037597,0.3512703852985367,6
0.4842250640414799,1.4365061627314717,-1.3581072993048309,4
-0.1917234151495749,2.380621689008725,1.6736630338971703,5
-1.4549979342134758,0.65937566758056,-1.2518238699263409,5
0.28299732024304475,3.394785398955943,-0.30540495270108603,5
0.17917896293531782,3.393109298922521,-0.2870147264011145,5
-0.9915427767279865,0.06016025079696786,-1.8771068455314355,7
1.930551313583134,-0.10617300036215829,2.1350671284970346,6
1.0731813262855336,0.24910691053642242,-0.8756708537382494,5
0.6988356004849197,1.066502786429049,-0.43671120291869825,5
1.0731813262855336,0.24910691053642242,-0.8756708537382494,5
0.6988356004849197,1.066502786429049,-0.43671120291869825,5
1.0731813262855336,0.24910691053642242,-0.8756708537382494,5
0.05162848950373497,0.26227215869966175,-1.418843436734821,7
-0.9525388350675712,-0.03837768134310622,-1.4197966523627088,5
-1.3575718616259191,-0.722142520596952,-1.7312617012661509,4
-0.014823517117195668,-1.0720865926391412,0.20073989120380523,7
0.07310610034596662,2.658137071726614,2.722960811520383,6
2.593886114851753,-0.494022022532225,-1.4184988956006888,5
0.5237519416456144,3.573163211098127,0.4338136899575105,5
4.710700774149901,-0.8962169815330595,3.185342429359233,5
1.7125795627223936,-1.6682859159822598,0.6815301059960389,6
1.2851172441460916,-0.5580536026803196,-1.179033082508523,5
1.435265267253733,1.2354405072994603,-1.2695535051928004,5
2.593886114851753,-0.494022022532225,-1.4184988956006888,5
3.0171314167339456,-0.41244763849457816,0.0933807371532761,7
-0.5471258646395307,-0.7053719820678239,-1.1173681237966866,6
-1.527018514065346,-0.12899084752044063,-1.5610921923715062,4
-0.5471258646395307,-0.7053719820678239,-1.1173681237966866,6
0.2241259905335338,0.18116090324763556,-0.605195077333972,5
-0.9089314827248359,-0.24447147117957405,-1.1609067046092607,6
2.168775455190783,-1.8944758899443062,-0.12504109811988062,6
3.305803298971577,-0.1617477636275086,-0.4365876124524022,5
0.5129785576750816,0.9327068078128811,-0.8249480283282402,5
1.4493353134263924,-0.361205635079682,-1.5949505439028178,6
3.062823451249322,-1.0873878493768694,-1.3073314816984016,6
0.6596264952448655,-0.581409255314316,-0.5053161258927246,5
3.062823451249322,-1.0873878493768694,-1.3073314816984016,6
-0.47580281568955435,0.628321925749626,0.7714525644316194,5
-0.3554281924300931,-0.5853556856726275,-2.0700340022774992,5
0.19119665638060734,3.9287138920546276,-1.0521694950155183,5
-0.3554281924300931,-0.5853556856726275,-2.0700340022774992,5
2.296898025216402,-0.8855622292592865,-1.2156551658503252,6
1.0810298366683095,-0.6482960122957688,-0.34460221573606686,5
2.296898025216402,-0.8855622292592865,-1.2156551658503252,6
-0.9159669308934321,0.38623957398664316,-1.921466793733906,5
-1.1362887869071856,3.027002731099271,0.15241377177946572,5
1.9507138259529433,-0.028642743488675987,0.31069812660524215,5
3.5087897385346,-0.04610223246061904,-1.497355354195768,5
-0.14690240461154833,-0.36246988907748795,-0.3511747075746958,6
0.21968002583405666,1.1680794310528546,0.28867040639327146,5
-0.9505923778934572,-0.9858433491058032,-1.1597408973304746,5
0.1618737327786836,3.816069326435547,-0.3561729655031495,5
-0.9505923778934572,-0.9858433491058032,-1.1597408973304746,5
-1.1282483179655098,0.41464916858849815,-1.2111044319192932,5
0.7756874724773719,0.6527153476794415,-1.5554554505410525,5
-1.7301171483283788,-0.7946881783104484,-2.029447799212956,5
1.7673292924671815,-0.9550979290242926,-0.2452967068647185,5
-2.6804702401598073,0.4643883103765517,-2.5052540205004052,3
-0.24118526650043937,1.8338090000732254,-1.739607726199966,5
4.087634350125742,1.4945244493230088,-0.2693008423020018,5
0.7948184085079458,2.028742277263268,0.29874158593811745,5
0.7798279043339633,2.202946671699509,0.4366395458058226,5
-4.7585052061524715,-1.4373697973796191,2.1896984340562344,6
-1.5031913298653774,-0.0487400255382387,-1.4544584345394782,6
-1.5031913298653774,-0.0487400255382387,-1.4544584345394782,6
0.8853587564751009,1.4365296318600556,-1.0331197320962027,5
2.602888975984215,-1.7192927411077399,-0.5520853595664916,6
1.2552130712159282,2.068600813360389,-1.0051664064845298,6
-1.5031913298653774,-0.0487400255382387,-1.4544584345394782,6
-1.5215231055748284,-0.0349844352134416,-1.4182459408558774,6
0.628260271452337,0.9247114754608252,0.9640071298830982,4
-0.5387942146606914,-0.41920332265909055,-2.536321657631252,4
-0.5062429930800628,1.8901570480429621,-2.169333190568493,5
-1.9096324328484988,-0.1739109210145894,-1.5926277758722556,5
-0.8261519303120314,-0.048993933593866286,-0.1349539460364329,5
-1.0442841168568395,-0.8368813276043672,0.11864670734078328,6
1.4302104006746714,-0.8696647384102054,-0.052598247734132485,6
1.348428354905414,1.7662395860874407,-1.3024778340775325,5
0.8703982880224685,1.940133306274348,-0.39104200132389033,5
-0.5156619673269968,0.9012576843928384,-2.180679826724022,5
0.11429389630827115,-0.025027299124842604,-0.7636060061020116,5
0.35563153594833274,1.3934596966057757,-0.858902755925734,5
-0.6217232722204243,0.17592003890550015,-0.9642320055395636,6
0.11429389630827115,-0.025027299124842604,-0.7636060061020116,5
-0.29473897634780377,0.08078094590116028,-0.4686777630869375,5
-0.4355056606768483,-0.16075441753973754,-1.7897959948592792,5
-1.3501286143250955,1.2525151029953148,-1.1462570523704163,5
-0.4355056606768483,-0.16075441753973754,-1.7897959948592792,5
1.0420716889783948,2.6071840893444462,0.32560270630578986,5
-0.2623462404069024,0.20335414359877033,-0.26125279393672673,5
2.2938120336087384,2.0041612998561646,3.4127865949585066,5
-2.370293861666591,-0.31615437433373006,-1.8641517125292095,4
-0.1249027964068675,-0.682038706567846,-1.5742074701089859,5
-0.5079478759660251,0.7124269259366278,-0.5816107141928625,6
-1.587191502995281,-0.6545898813076234,-1.4869729002134722,5
-1.587191502995281,-0.6545898813076234,-1.4869729002134722,5
-3.2970153979028276,0.658097705127163,0.7987492852396831,6
3.3714458367169464,0.667547091555331,-1.1804963317812718,5
-0.64330545549981,-0.387351016167809,-2.0067517658752307,5
-1.7313141901276736,0.21500902227936144,-2.164593473681325,5
-0.49438986325351864,0.8856784858629999,0.010887043663996449,5
-0.485615778078889,0.19857332055522567,-1.3410108905063414,5
-1.1764260007792815,0.4855257775128652,-2.392480204167472,5
-1.1764260007792815,0.4855257775128652,-2.392480204167472,5
-0.44862606733964944,1.522033731404516,-1.312086422840153,6
1.145559935168002,2.1892737979649297,0.08182587598442677,5
-0.3012038964292166,1.0994471669306909,-1.7366621042102435,5
-0.691625079293605,-0.513230894048849,-0.26351434660749734,6
0.6553976344685954,2.6415693815094645,0.5261603567976099,5
-1.6468108655498268,-0.0562802120945174,-1.565138683025274,5
2.9959027594625494,1.446022217640247,0.2586582077138824,5
2.7808568903723936,1.4276742056942047,-0.10307495279723422,5
-0.8004391474788235,-0.09823362495018809,-0.7109368218369544,6
0.5933249533061024,0.28268239903354686,-0.5637549267897922,6
0.760684172280163,0.49728749880753426,-0.07931725483743113,5
-0.8481938818950021,-0.09484410249724391,-0.6109351541448851,6
-0.8004391474788235,-0.09823362495018809,-0.7109368218369544,6
-0.26762499060150713,0.8564687247820345,-1.334844640128054,5
-0.26762499060150713,0.8564687247820345,-1.334844640128054,5
-0.48252271797719215,1.4555990234642555,-0.3500802735586499,5
-0.26762499060150713,0.8564687247820345,-1.334844640128054,5
3.5839426937726975,0.524607343596816,-0.23767476744386545,6
-2.5891072890064786,0.6441375869060574,-0.8121556411862919,6
-3.570302828193658,0.0937810995946394,-0.9993990333751834,6
-1.2304577577337998,0.3531123418726221,-2.1124338862710657,5
-1.2304577577337998,0.3531123418726221,-2.1124338862710657,5
0.7074499299825908,2.0708100539663707,0.17885040599917498,5
0.5072011433377303,1.1304063962614435,-0.5629154741009502,5
0.14441035849569978,-0.24134540412905972,-1.9106284539237186,5
-0.9827025203674041,-0.42301325285547314,-1.861069006181371,6
0.14441035849569978,-0.24134540412905972,-1.9106284539237186,5
0.09367570016112822,0.717935702114819,-1.821759815774174,6
0.10809319257465816,0.8569353061416966,-1.7339205522047367,6
0.4713175435211743,0.9649214427210069,-0.9933699238441557,5
0.12434359658582952,1.6309654612226068,-0.5877176571281114,5
-1.707026796806444,1.9141408268633366,-0.15105773654495616,6
-1.413080201788861,-0.0008952476849109421,-1.819720132112745,5
-1.707026796806444,1.9141408268633366,-0.15105773654495616,6
0.33641962963386757,2.6828538062918716,-0.07798048647542202,5
0.5645718683082681,2.4921380432429037,0.21153360782874175,5
1.0054344369857238,-0.537043415648494,-0.5296447667648654,6
0.9774665354545309,-0.4794706363214554,-0.47398506245935945,6
-2.2297064346145485,0.27141646954307436,-2.4079648115912775,5
-0.6617695317247307,0.488680649742082,-1.3381415475733645,6
-0.5630911971461001,-0.20471284172360157,-1.3062019806972884,6
0.28815478176464526,-0.5586212720479817,-0.355495697859711,5
-1.343068658584242,1.6031919725084152,0.06724162514076486,5
-0.6219828537649679,0.7479944783385554,-1.3096262951547089,6
-1.4273064449295,-0.017677988484239408,-0.5596146997994227,5
-0.7530072268448683,2.2420523697011814,-0.7802597747053508,5
-1.4273064449295,-0.017677988484239408,-0.5596146997994227,5
-1.6457033019862457,1.5454295758764696,-0.2515912325580992,5
1.4578559463722116,0.015428393620578499,-0.5292654652345246,5
1.4578559463722116,0.015428393620578499,-0.5292654652345246,5
1.039184549006776,0.6525027506896174,-0.7810327301696246,6
1.039184549006776,0.6525027506896174,-0.7810327301696246,6
0.6381596851475915,2.414881590689375,-0.5087673549385809,5
0.4545763626731358,0.7056693191767961,0.7702542297973489,6
0.24416732063872915,2.672476601442247,-0.06082217224741712,5
-1.3969420779978978,1.4979880282474958,-0.453049745858784,6
-1.5001909284163077,-0.9004637690725928,-0.9981204779184619,5
1.0699673153291338,-2.5343302514213084,1.2268460444562121,6
2.448754753975621,0.4156344451818466,-0.9222232297593075,5
1.3986252389702019,1.0170068764139237,0.1814400893485119,5
0.6151235297256373,-0.9563837736306994,1.388391128164785,7
0.8466055415754337,-0.9027348569077273,-1.0635700873672658,6
0.8466055415754337,-0.9027348569077273,-1.0635700873672658,6
-0.7436087176390012,2.533197811461289,0.11341692915677926,5
-0.2952927499348093,-0.3812180598646761,-1.5019776869557249,5
-3.301583230074514,-0.6606881052291268,2.481506574640402,7
-0.183721238788384,0.5520046723107707,-0.8584814625426291,6
0.023190606307660278,-0.8174039986565153,-1.2054078464813751,6
-0.4696705966580795,-3.091357373130645,1.7055543918847462,7
-0.2087909125758983,-3.113100459651436,1.5548471645685251,7
-0.4696705966580795,-3.091357373130645,1.7055543918847462,7
0.30086398856928426,-0.4498280899239864,-1.4248210074899466,5
0.07644901296097215,-1.1035911266919889,-0.8233835756772552,6
-1.1893956041904923,-1.1811854278646805,-0.8827712560025248,5
3.2766426027096744,-1.143980424531532,-0.8894266914240252,6
1.5058656655962515,-0.2120564861914303,0.12127544442800502,5
-1.2840180198904307,-1.9975941065173992,0.2087655254429264,4
2.9772372538951384,-0.5219561884808926,0.42870741937220336,6
1.5058656655962515,-0.2120564861914303,0.12127544442800502,5
0.7586193354212648,-0.4323404204683669,-1.0054750658386906,6
0.9940548532203259,-1.7278962510302838,1.474898015321027,6
-1.5677566378023577,1.1120133445335654,-1.2092637478775865,5
0.5374121142147863,0.9809816746804667,-1.7781319241331257,5
-1.4660497393634047,-0.12077084174818707,-1.505517306295815,5
-4.177157020644308,-1.9594368883599362,2.992371716999366,7
-1.6123250655553982,0.17842937939739742,-0.5364381819986223,5
-1.6123250655553982,0.17842937939739742,-0.5364381819986223,5
-0.25930431799881587,-0.9475299070445966,-0.7347015904786453,5
-1.108279075502857,-0.24098750705789015,-0.03642298722506106,5
-0.5876882946989281,-2.216254390795714,0.5375819629387404,7
-1.108279075502857,-0.24098750705789015,-0.03642298722506106,5
-1.9106256098673977,-0.16926844270010222,2.1270165811465196,8
-2.6253412622836074,-0.7198993017826478,0.630815666283763,6
-1.5354713065158627,-1.0318359643228645,-1.2059623046009886,4
-2.6253412622836074,-0.7198993017826478,0.630815666283763,6
1.6258680301685517,0.8567176342770709,0.6709612879479624,3
1.993854005000954,0.9917474995450125,0.6424989763726268,4
-0.3584820745582042,0.07650947100200044,-1.5310020565127636,5
-1.3874441901811632,1.2347078569108707,-0.6725605074597207,5
-2.1440806991280743,0.2046414519361267,3.437731769251034,7
-2.1440806991280743,0.2046414519361267,3.437731769251034,7
1.1961786718671785,-1.713234697393795,0.6181695169663887,7
-1.8901019088863442,-0.09496087900065994,-0.7927261390750614,5
1.727073292177778,-1.5969699778315323,0.7166813430153297,7
-1.6791312549003528,0.6832320590477763,-0.4714866767750321,5
1.5439978614858298,0.8981629250733834,1.247209798999597,6
-0.31241586114358777,0.9284066609335208,-0.5346071102558989,5
1.4472111058133788,-0.7092962356603016,1.6440674814453833,6
-1.6382048567558536,0.07407503109456941,-0.6837406383607855,5
-1.6382048567558536,0.07407503109456941,-0.6837406383607855,5
-1.058154785827236,0.19311971550806478,-0.9827796556743855,6
-1.6382048567558536,0.07407503109456941,-0.6837406383607855,5
-1.6140740506817943,-0.06438040502234972,-0.7469525257210392,5
0.8385906372185903,-0.8382118786485004,-0.8383313190052001,5
0.8385906372185903,-0.8382118786485004,-0.8383313190052001,5
1.3428525506521356,1.9140363927475232,1.62023309583973,5
0.11388851655799019,0.5349351753263923,1.9819359144786157,6
0.11388851655799019,0.5349351753263923,1.9819359144786157,6
-2.0700999811268543,-0.9855338500297433,-0.3356378202334894,7
0.11388851655799019,0.5349351753263923,1.9819359144786157,6
0.07820613276501727,-0.9361232779895315,1.5697754385466822,7
1.9819538735907247,-1.2726537186597735,0.5542155962207195,7
-1.3409131791711935,-1.0380722087168586,0.7512132966994381,6
-1.4266564755189308,1.457318748605014,-0.6939059437135462,5
-2.521287409388456,0.26143631241485,0.9521867032290292,6
-0.23633674934882393,-0.9968915540914501,-0.44658934138754774,5
-1.486102936525944,1.4324831607062294,-0.5660004116488245,5
-1.4266564755189308,1.457318748605014,-0.6939059437135462,5
-1.4530150446704322,1.449665864642409,-0.5907959656058753,5
-1.2271077611528354,-1.1947638568706398,0.9515194800004074,6
-1.1764878497654854,-1.2339893681545433,0.8317589566374851,6
-1.3409131791711935,-1.0380722087168586,0.7512132966994381,6
-1.6881776290301584,0.4663171864529087,0.300527765276744,6
-2.441135991411329,0.20321554231800595,0.9014787728392186,6
-2.286921916999357,0.8784245133471181,0.7626246516617919,5
-0.981347819981631,0.3319202874419328,0.834421021930664,4
0.4865361627551371,-2.360491227550893,0.43583987453877526,7
1.6316001865820666,-2.1745207755383364,0.1728416468179421,7
0.7842933263582719,-1.9144750031354183,0.9210185326826368,7
-1.7766365632586538,-1.2750204876392237,-0.3675008362187035,4
-2.441135991411329,0.20321554231800595,0.9014787728392186,6
0.29348267306172476,1.8688648649682147,-0.13162128032433434,6
-1.5256663026235138,1.5971427397689948,-0.5022892105859778,5
-0.08439860508606327,-0.778448494552888,-1.186178617220053,5
-2.1795215533254546,0.3731589071636621,0.45921084589142297,6
0.8641381032630722,-1.1317591671277794,1.2325935814938536,6
-1.5256663026235138,1.5971427397689948,-0.5022892105859778,5
0.29348267306172476,1.8688648649682147,-0.13162128032433434,6
-0.24683555404201124,-0.06621517741067327,-1.4563899302191894,5
-0.2763334068500882,-0.04421684427148767,-1.7285772456323414,6
1.0740071880314983,-0.2592166573662337,1.7381078928638338,7
-2.1914829792012904,0.9297538831005964,1.0871704654667842,6
2.578981615951546,3.6463200928174726,-1.5675407507205554,5
-0.9638353760364368,0.4583126617947014,1.0940545268758752,5
-1.632450234999803,1.452508771060593,-0.660110675786102,5
0.9904027529832032,-0.5947595664808503,-1.258909484234859,6
-1.632450234999803,1.452508771060593,-0.660110675786102,5
-1.5879351718634023,1.4411796479334893,-0.47801417553091136,6
-1.8585459438335643,0.5603880635366537,0.2887830055903123,6
-0.035899758821654214,-1.5507690253486346,2.2334867785867294,7
-1.8585459438335643,0.5603880635366537,0.2887830055903123,6
-0.035899758821654214,-1.5507690253486346,2.2334867785867294,7
-1.5035164000432533,0.11343390970060865,-2.576172303766662,3
-0.044559949111599294,-1.587683698560775,1.2653974048177752,5
-1.4964796635865028,0.022787792943511145,-0.32575773992376983,7
-1.4964796635865028,0.022787792943511145,-0.32575773992376983,7
-1.3143229616120347,0.020773373686458214,-0.29342794276968004,7
-1.3143229616120347,0.020773373686458214,-0.29342794276968004,7
0.5732576539541338,1.79340271637217,-0.3750553733108253,5
-0.5903885939805775,0.18705882664017323,0.6418246412188892,5
-2.86220369520414,-1.4174212458157356,-0.2994544161777861,6
-1.475978578021961,0.9435429362939476,1.1689772853903557,6
-0.9408832133411587,-2.5545375607778618,0.8842257793759015,6
0.9252665962547102,-2.426717924835864,0.914202303604029,6
2.5195601238284318,-0.41348595280339173,-0.02464260465080053,6
0.6161476818568975,-2.228656858437286,0.1963575963915899,6
1.0194642209990608,-1.9514229112007937,0.5438537115565379,7
-0.9408832133411587,-2.5545375607778618,0.8842257793759015,6
0.2478024162161971,-2.6116138061368144,0.6908759545561487,6
-2.619326622471902,-0.1250118215616793,0.00705067304001229,5
0.5455679229064241,1.8636419566632194,0.8936763845795662,6
0.2525294026353407,0.7022306376835827,1.8604010983653863,6
-1.0502388513816123,0.382559009047188,1.782677912729149,6
1.0338631381587482,-0.9407801025225107,-0.5229937695554092,5
0.2525294026353407,0.7022306376835827,1.8604010983653863,6
-1.0502388513816123,0.382559009047188,1.782677912729149,6
0.5455679229064241,1.8636419566632194,0.8936763845795662,6
0.136409771999425,-1.181234732714597,0.7272849570720121,5
0.06532971073453563,1.258241916712786,3.476382517558158,7
0.7300757094916138,1.7196070669608274,2.6556112837480472,6
0.14397107369269652,1.012611566445098,-1.2232436822637531,4
0.136409771999425,-1.181234732714597,0.7272849570720121,5
0.13321835675696728,-1.9511393535627235,1.3802357176195372,7
-2.1345905924917266,-0.40558133553252923,-0.8023778050454813,5
-1.3737803174484025,0.2795666251525013,-1.0316782317035589,5
-0.44712956509458346,1.0637606591010162,0.5652850001315152,6
-1.3737803174484025,0.2795666251525013,-1.0316782317035589,5
-2.1345905924917266,-0.40558133553252923,-0.8023778050454813,5
-0.0006387445708378445,-0.6747189623535961,2.0651693928608834,6
-0.0006387445708378445,-0.6747189623535961,2.0651693928608834,6
2.1187741000981584,-1.2115619984795694,-1.297661000696934,4
-0.871184007710768,-1.2840754571552713,2.671687813503968,7
-2.5488070791585313,-1.7917893633405797,0.2441070344771155,5
0.5649894980189684,-2.142164849491115,1.744326695194975,7
1.0682587509712145,-2.020704123441197,1.4095522156863285,7
1.5904520614651507,-0.03251336207630223,-0.32802772983799194,7
1.2338292453931163,-0.023742496090442242,-1.018554575454136,7
0.5048453081389767,-1.720853283368379,1.521946301944601,7
1.2575760793810824,-1.8370773132593425,0.2887937373397833,7
2.079892107971642,-1.367066282281163,1.2606187977354426,7
0.13295940122327468,-2.7320401654636575,1.3669508908060775,7
0.4531806479007364,-2.419719113492009,1.7632959280023952,7
0.4531806479007364,-2.419719113492009,1.7632959280023952,7
0.4531806479007364,-2.419719113492009,1.7632959280023952,7
0.13295940122327468,-2.7320401654636575,1.3669508908060775,7
0.06515447662382064,-2.160386715159266,0.613787690437294,7
0.810966551924844,-2.838063822791654,0.9623367162461237,7
-0.7748133270894297,-2.0719753161380368,0.6097383029604506,6
0.8439882770884783,-1.5782664286368606,0.603466694831972,5
0.7116932898941271,-2.112897801987919,0.3134573234704341,6
0.8450314481791237,-1.0309476440280538,0.7371104903007005,6
-1.668887383201326,0.11227674361205033,0.8485047647224667,7
-0.7812805130853181,-0.011186215179388741,-1.103335869344821,5
0.21702725247166677,-0.8462585616046066,0.9889982683122747,6
-0.8190645870378749,-0.5995244005829582,-1.2736612317779097,5
-1.1414208276206381,-0.3361665121597272,-1.373810075583094,5
0.8857420107893541,-1.1733846194039574,1.2420440063555445,6
0.21702725247166677,-0.8462585616046066,0.9889982683122747,6
0.30236880153932005,-0.46173305907305573,1.830088144777752,6
0.8804563787801145,-2.086482754867884,0.274573378995738,7
0.23755958551498518,2.2414315808907963,-0.5457852385530186,5
0.12309840884184019,-0.754008922543402,2.118278717752842,6
-1.396909191808273,-0.43224015314407094,-0.8611378584671517,5
1.587101301745894,-2.1716947001922144,0.49489439295798915,6
1.587101301745894,-2.1716947001922144,0.49489439295798915,6
1.3688663907750747,-2.0259398623021787,0.2805522958144445,7
-0.2215472872689739,-1.8734558040036295,0.15905283497977454,5
0.7832629197287653,-1.4754131530484014,0.9165595230631145,7
-0.6045201989114604,1.5885902325447718,0.7444787868715492,5
-0.6045201989114604,1.5885902325447718,0.7444787868715492,5
0.7245798614526845,2.8180711998147214,0.020637393930140947,5
-0.869926250062965,-1.271560160740385,0.7135629822653917,7
2.0660747857960184,-2.103103388975609,-0.945207171802839,5
0.41313835155682693,-1.1220215726277072,-0.6187228440616267,6
-0.002617227822197017,0.038188457567863855,-1.6003958592673821,5
-1.0395289184576595,0.7571785173337863,3.6614796176325513,6
0.41313835155682693,-1.1220215726277072,-0.6187228440616267,6
2.0660747857960184,-2.103103388975609,-0.945207171802839,5
-1.9656130851413574,-1.3122336321877408,-0.5881723029513266,6
0.407583206596084,-2.667254340408449,0.13471920835656936,7
-0.6761263025798098,1.3733183639958222,0.8071658828447386,5
-0.2864534323375539,-0.06609902347072351,-0.5818845019254021,5
0.7952733581754596,-1.6193936986489228,0.3883140782313963,6
-0.2864534323375539,-0.06609902347072351,-0.5818845019254021,5
-0.689190040948091,1.2167158484279494,0.6430668161421036,5
-1.4426813341842513,0.8783725612383543,0.29725317012343594,6
-0.689190040948091,1.2167158484279494,0.6430668161421036,5
1.9168756977521395,1.1248924553819795,-0.2152854675561022,5
-1.0791598841492613,0.3994001547789943,-0.5597723373811309,6
-3.651998505328529,-1.931867221871942,0.31766852749737057,7
-3.651998505328529,-1.931867221871942,0.31766852749737057,7
-0.1853558798641939,-0.8022736314263844,-2.328567171823475,6
-3.6062494081032908,-2.221601041182064,0.5602720667808464,6
-0.9399986951479998,-1.9691900370286202,0.5722311389049776,7
1.0095521828484795,-0.1002314755797859,1.4013108798968164,7
0.4495403528575557,-1.8123571272907768,1.45053891238047,7
-1.6158244098740164,-2.980043346033917,1.313562906729157,7
-0.15680362842678028,0.14130390284348962,0.5210587750660889,5
-1.6158244098740164,-2.980043346033917,1.313562906729157,7
0.4495403528575557,-1.8123571272907768,1.45053891238047,7
0.46137163084175287,-1.8950456653143481,1.371460277621051,7
0.7758004224379842,-1.4542106656113947,1.1791550265354387,7
1.1882025050611462,0.4669606053718323,0.6628372049225685,5
-0.10645663055829649,-2.8721856959322145,1.2845820187289685,7
0.5023425842063047,-1.2581788471828697,0.007561185630652073,6
-1.1997000856427156,0.43938899637889955,-2.0902972972390215,5
-1.5734238456755394,0.5335935570111429,-0.92757551045796,6
-0.7146134190792054,-1.6720008025297688,-0.6846833934137423,6
1.8575250151811444,-1.5315838202575633,0.9323300977216338,6
0.1663371938299096,-2.0461048490123077,1.601340481639942,7
-0.5159645894675676,-0.5791323234186535,4.104095080180662,6
-0.5159645894675676,-0.5791323234186535,4.104095080180662,6
-1.5310523358647266,-0.7435510604752621,-0.44066324978468935,5
2.0571136679899333,-2.5159576433358524,0.16113594762138583,6
2.0571136679899333,-2.5159576433358524,0.16113594762138583,6
-1.402294943148118,-1.311715299247601,-0.9024118643781393,5
0.047415325901457854,-2.5889190758307477,0.7200537092282119,6
-1.343905988165933,-0.6391696481594613,-0.8317389906138397,7
-0.7402455393179115,0.931290077034067,-1.4586324930528127,6
-1.1790492630177878,-1.9580510023303823,1.8508400603890316,6
-3.1683881307068895,0.5431089337687547,0.5969095991862663,5
-0.8294473022722305,1.4263220498291622,1.5831668102941303,6
-1.343905988165933,-0.6391696481594613,-0.8317389906138397,7
-2.0699673249188777,-1.1821535700724468,-0.3658835287763364,7
-1.608457685925867,-1.0946368826130355,-0.527665804350345,7
-0.7455223569659105,0.4534899047673438,-2.597086924907191,5
-0.9724221011846278,-0.22629209979220738,-0.5263505140118941,6
-0.13238674672309567,0.6893562807308516,-1.4892142761303897,6
1.2540567642492921,-1.5463722506432653,-0.3877265629096572,7
-0.5468922270875698,-1.2049547427192115,2.339044302659808,7
-1.4746414449857945,1.4311346975962294,-1.5457980151927304,5
0.7248777105632124,-0.26187319399006076,2.4331964367360404,7
0.15633194067891623,-0.23461055492899222,0.625188833173315,6
-2.082746308107518,0.8235170714897715,-1.6521358465681786,5
-1.09439551640609,-0.5142526195820462,-0.3163363416288763,6
0.15633194067891623,-0.23461055492899222,0.625188833173315,6
2.0231330631428874,0.7706027532346756,1.0632391109076214,7
-1.4856392489537191,-1.3013861592768237,2.0218695542683554,6
-1.9228893737166435,-0.09247566500072565,1.252489863023374,6
-1.5947838123441156,1.0922701279707965,-0.09250734713416396,6
-1.2064152161538773,0.4407346178018821,0.7668311978091802,5
0.7411484481472069,-1.7344433339092034,-0.4113562749211776,6
0.743980501048559,-1.4501081979289367,-0.34716024729717493,6
-1.2064152161538773,0.4407346178018821,0.7668311978091802,5
4.2175466636578856,0.7379312975940782,0.2443170139486589,5
-3.497934352983783,-1.2061107895059606,1.4240131636651556,5
-0.2842795809939132,-2.470856038922515,1.8219782920670764,7
0.6042387781173606,0.6646957251845536,-1.3211931131359658,6
0.6042387781173606,0.6646957251845536,-1.3211931131359658,6
0.9000155978114449,-1.9583760725336352,0.34028531143488366,7
0.797544848988113,2.188044523592446,0.29772958819495277,5
1.5580420388663634,0.03931876965852607,1.4415319893001484,7
0.9000155978114449,-1.9583760725336352,0.34028531143488366,7
2.7960043729796635,-2.0418333969119042,-0.5190800886703019,6
0.4595406454946283,-2.6099517492767426,1.1792446921931812,8
0.16389196684583698,-1.951170118005003,0.42532248781414006,6
1.5327265050620977,-2.4740497235699017,0.9751338877150708,6
-1.6061679203484693,-1.6582284605311193,-0.6347084170704823,6
-0.6129557724308095,-0.7102193119197846,-1.061990680203603,6
-2.0737947727950834,-1.4861664002051898,1.2373832254033166,7
2.3556440511667054,-2.479409372583374,0.38220985005496677,7
2.3556440511667054,-2.479409372583374,0.38220985005496677,7
-0.08059682915204629,0.7404791455093066,0.5187250032111941,5
0.9655232309617034,-1.333695346656501,1.6183270855433498,7
0.6746690232465491,3.793066068905616,-0.33541559197052895,5
-0.4946844258918603,1.347385710130885,0.9365172254651141,6
-0.10362104805591611,-0.036183982782486024,-0.3022398066010687,6
0.6746690232465491,3.793066068905616,-0.33541559197052895,5
0.6824069655149629,1.2585935614674335,2.230126621264841,7
1.467372052919907,-2.644062866710104,0.5923266041066031,6
1.8167482290785288,-1.1496974809812588,0.08304866590228875,5
1.8167482290785288,-1.1496974809812588,0.08304866590228875,5
1.3709761488129681,4.319065743919996,5.865363893540517,7
0.9486604692518479,-3.1176873924983046,0.6284849629500041,6
1.3788619052422888,4.509558356608142,5.973211106428233,7
-0.5132313461134269,1.150848031733993,0.8137007641737678,6
0.36414782616559166,-0.06280168610912894,2.26119770637708,6
-0.5132313461134269,1.150848031733993,0.8137007641737678,6
-0.9421292086872427,1.6223115390856795,0.6769734824202808,5
0.517979039588257,-1.7123151701372918,0.37729383477095974,7
-0.1193052819369779,-1.6959520855888506,1.8614604675113924,6
2.7760734946160235,-0.3405625434247585,0.22041935418847455,7
2.7760734946160235,-0.3405625434247585,0.22041935418847455,7
1.5982743956777692,0.11055981358799508,3.0285453960322375,8
-0.1350791818063587,-1.8479216489249977,0.638314391965723,6
-1.864598188007646,-1.309344357695054,0.03605219960465681,6
0.6252691284313345,-1.7486032872272923,1.3805774607942671,7
-1.1670998293415191,0.24761319003476437,-1.0722538356518063,6
1.3837786718040301,-1.25171845537234,-0.6401051613091966,5
-1.1670998293415191,0.24761319003476437,-1.0722538356518063,6
0.5050386815982586,-0.9296706948764908,-1.3902969987884108,5
0.9679122362663122,-2.381377816104705,1.4388547752829777,7
0.5050386815982586,-0.9296706948764908,-1.3902969987884108,5
0.4239819274750781,-1.4767985443011207,2.3462157052500037,6
-1.258272558213114,-1.5179383733969702,1.0536989209963523,6
-2.3578624128266448,-0.7509873211881593,0.6306795576746566,6
-1.258272558213114,-1.5179383733969702,1.0536989209963523,6
-0.7564322404598202,-1.6914838118675348,1.4579839883094552,6
-2.061271919631813,-1.3369633442167077,1.5345706733876132,5
-0.1361872201960227,-2.623729689876414,1.493643320837539,6
0.6528589102418733,-2.045679546613962,1.3650864877522653,7
-0.6014915592707797,0.12386957826113296,-2.5847674479406386,5
2.271243272219667,0.7070916232796787,0.6372301996381469,6
-0.8180750535628785,-1.0526371993541204,-1.1997116086855961,6
-2.7178583482259233,-0.4796760195079388,2.147009850167382,7
-0.25796379347758247,-1.9352333872663325,1.0006991770274705,6
1.2827616085358444,-1.6888757613090462,-0.7329622376915179,6
-2.4585545293781244,-0.6840431775771321,4.564171566402341,6
-1.6563725425406401,-0.41999432437361317,-0.35294022625794563,6
-1.6563725425406401,-0.41999432437361317,-0.35294022625794563,6
-1.6563725425406401,-0.41999432437361317,-0.35294022625794563,6
-2.0186671056344956,-2.191385104116998,1.7808493596912784,6
-3.5246988363260185,-1.858779233117038,0.6936127974061029,5
-0.8209706342632747,-2.4823449953681895,1.5270074166855672,8
-2.710782679852555,-1.0634988367635336,1.1665644149177101,6
-3.250696164915072,-0.9559712940478209,1.6685609257777068,6
1.4108384045768119,-1.104526273370185,0.37584639813973564,6
-2.495688582935228,-1.3577739233643413,-0.4903210585269118,4
0.17653086814059119,-1.9342783792421572,1.1969259169590725,7
-2.415679964335371,-3.4175169219402357,2.0141681394367317,6
-2.9682138235690796,0.5752547758002665,0.7399781950905533,6
1.4641575721921316,1.4331435935097903,0.6278117688201295,5
1.6028056302568272,0.7308131017840143,0.6251558739179027,6
-0.17525585486343712,-0.9822432397077029,-1.636500908782571,6
-1.6714330309028889,2.9099024771372073,3.3574460121792793,5
-0.9543595763511415,-2.101810159897847,2.964724764110951,7
-0.6147405883992321,-0.32319466938858876,0.02875571918226438,7
0.061235075509520426,-2.4331129363039015,0.9964920007969768,7
-0.4247847601000168,-1.1799809191863655,2.1506039304485363,6
1.4512877347588329,-1.7334245008634825,-0.2775033966106914,6
1.4512877347588329,-1.7334245008634825,-0.2775033966106914,6
0.5703008263387591,2.3365807036079604,0.2826415569001146,5
0.027432808761959138,1.0149106685193585,-0.20222372383298393,6
-0.3661247635821805,1.4244814363827345,0.9919758259070444,6
0.45623516425723465,0.21904498563994462,1.6735057728940186,6
-1.6400492826238453,-1.9023424800618178,0.4248404898756751,6
-0.6667795284328056,-0.9499909137208783,0.8360125121435539,6
-0.8178155205299094,1.0340533025720537,1.5786691570880058,5
0.26972127444852767,0.1387882895786921,2.0386704034276226,6
0.18111724875568586,-0.5907328513865986,-0.7674363506146467,6
1.3289069264499305,-1.2519652977873443,0.21354393721968276,7
-0.32266254825583335,-1.7898474061138134,0.818817925701233,6
0.6936194530088989,-2.4769959383789244,0.4329992534938161,6
-0.19979468621722885,-2.6629151613263424,1.378534024035428,7
-2.3063628080996037,-0.6216939136179781,1.8358921139595215,6
0.1859979837669248,-0.1505601692492816,-1.0973581491225561,5
0.6669938302320442,-0.8131841070205973,0.5844559941809693,6
-2.4215626149976144,1.828195028834474,1.9791334528717073,6
0.1859979837669248,-0.1505601692492816,-1.0973581491225561,5
0.4866481543942309,0.506152195931053,3.7866934868986357,7
-2.6033114545189315,-0.5058196361868619,3.0421488169025217,7
0.21598892511278028,-0.05424219555605083,2.1038914997308757,6
1.658880249945397,-0.902007602130856,0.03029740710121564,5
2.0706498209615605,-1.891426678419738,0.28097849124777197,7
0.6262615197094166,-1.2582508174441718,0.12553719879175074,6
0.505057983577024,-2.014145189261782,1.334690686693123,7
-0.19460247094733432,-0.3740866154050704,-1.4715366249742445,5
-0.19460247094733432,-0.3740866154050704,-1.4715366249742445,5
3.426233902241714,0.45758369476544075,0.0062950405257741725,5
2.104085302935472,-0.26868706763968087,-0.24000092036440648,5
0.17966623536892698,-0.7147473764799609,2.7366628109983653,7
-0.9334235261220335,-1.529816060054639,1.3322020896859126,6
-0.6932032825319538,-1.7542766038835007,0.09295760325727512,6
0.7446402730141235,-1.80466695209647,-0.33136867230002826,6
-1.823512357723757,0.417715591904243,0.5017732464620359,6
0.8721773454455292,-2.3214929996794886,0.6517426724104874,6
-0.3255985791890476,0.7878338119544432,0.583634787967037,6
-0.3255985791890476,0.7878338119544432,0.583634787967037,6
-2.553237537599739,1.6538652642764546,1.8895812294701544,6
-2.588201807734477,1.4056608706737472,-0.14933859675325847,4
-2.4270625356369075,-2.0116161731406033,0.39613136292126505,7
-3.899781534549041,0.5880032425163179,0.582526436411041,5
0.4096361221107889,-0.9428877903341415,0.9723178925791934,6
0.4096361221107889,-0.9428877903341415,0.9723178925791934,6
0.35480430629852056,-2.369740882756767,0.03025900361219012,5
1.0845328568742674,0.9079451269453979,1.736240983602484,6
-1.367128285370991,0.769710107067232,-0.7726585262820275,5
-1.1286922222186766,0.8662583079241851,0.8210503339387616,5
-1.393099395196341,-1.712728532351629,0.7870257982238047,6
-2.0059946334248706,-0.03321603970744716,-0.5213419054195225,5
-1.393099395196341,-1.712728532351629,0.7870257982238047,6
-1.1286922222186766,0.8662583079241851,0.8210503339387616,5
-1.3919371780833691,-0.12020715406823411,-2.7453061304999116,4
0.9905805777195008,-1.8106844443706445,0.9333663848559991,6
-2.5125432565662233,-0.25164769921894065,-1.7775873836720986,5
-0.9042822802701255,-1.8821631794787481,2.3015783602100757,7
-2.540655847939028,-0.245298980499303,-1.770503333003189,5
-0.8835067605376622,0.9749706644512973,-1.0060187685072977,6
-1.3831203351309143,0.5734033762751447,0.251113406134189,6
-0.055004928223605865,1.5911458966199703,0.016200469486861224,6
-0.680180705074335,-1.3618308128894987,-1.167554675167391,6
0.20291095090758157,-0.3098345653585799,1.8266985582591597,6
-0.055004928223605865,1.5911458966199703,0.016200469486861224,6
-0.680180705074335,-1.3618308128894987,-1.167554675167391,6
-0.48267303886793494,-2.264639030768694,0.3983817780531138,7
-0.18210426331525834,-2.226636612984511,0.5566503551372448,8
1.2408085482430031,2.983807289208053,-0.6252393579266291,5
-0.11076811637481412,-0.5267419399535224,1.8944934981964847,7
-0.11076811637481412,-0.5267419399535224,1.8944934981964847,7
-0.11076811637481412,-0.5267419399535224,1.8944934981964847,7
1.460846471621505,0.6512891497838516,0.1316668342464448,5
-0.11076811637481412,-0.5267419399535224,1.8944934981964847,7
-0.8637276823710548,-1.4659997048412285,1.5764422579322805,7
-1.8040192397037995,-0.7666745228032793,-0.892171238956376,6
-0.9480099051314835,0.6480848185378878,0.13194604694853732,5
-1.8040192397037995,-0.7666745228032793,-0.892171238956376,6
1.3332948243454719,-1.787959904626242,-0.1706949186949553,6
1.4033041328066636,-1.8671809701920787,-0.5095594901815798,6
0.41057315314910775,-1.2642007803830677,1.3392440036275821,6
0.0769468215198189,0.5346898327633667,-0.3406990264147224,6
-0.10349922964546021,0.29276205544864103,3.3956042974020932,6
0.22232246972285027,-1.302256135429725,0.037666506678411184,6
0.42788379206691485,-0.6813253727428566,1.6680768289247685,6
1.9725156904184817,-1.0101827309047404,1.0687834644088978,6
1.9725156904184817,-1.0101827309047404,1.0687834644088978,6
-0.33693435640310315,1.8835930350904972,0.3445999160454053,6
1.3535690004895933,-2.0462938067915526,0.9029670183007708,6
3.323253554314319,-1.2283016015911616,-0.577319766515815,6
1.1495432359022795,1.2307718456475085,-0.7600712589125025,5
-0.27014847333843633,1.5061874123177845,-0.6019011464985028,5
0.5901052582301222,-0.42686834604935564,-1.2959423472490907,5
-4.024308053744526,-0.9981756785879845,3.2873156709632076,7
-0.2148327481243067,0.6445255410160986,0.14958759443640712,5
-0.1829687735873303,-1.2053537489380777,2.3341541391033225,6
-1.6873957401798814,2.786888077155261,0.9967469421242512,5
-0.2148327481243067,0.6445255410160986,0.14958759443640712,5
0.9693948398501465,-0.7229013812336169,-0.10350137789269012,4
-3.180893001339053,-1.601950995367382,0.19408259574550252,6
0.29444949569029105,1.8709274393080866,2.2743844220255784,4
-0.781846255642033,-0.531559861353045,-1.503039190422027,6
-3.180893001339053,-1.601950995367382,0.19408259574550252,6
-1.1461302171368817,0.4263710834639223,-2.080706809218761,4
-2.375997753642966,-0.6110293262876388,0.0019253832618624398,4
-0.7369465617301117,1.4897662753494858,0.0070118198682994765,5
1.3507586202987691,0.7547667168492569,0.5878105303218438,5
-0.057336339135942105,-1.6575224381211975,1.4880580224018196,6
0.04141961129979605,0.9803664697152426,-0.7230050414489297,5
0.3948048177741288,6.688386275076521,4.6531854782263355,6
-1.1143800877863494,-0.31246147380510564,-0.11773836112692793,5
-1.1384879678189403,0.32869395026276665,-1.0350668360745459,5
-1.1143800877863494,-0.31246147380510564,-0.11773836112692793,5
-0.8027203925977296,-0.5931319822802911,1.4259077899276285,6
-1.8671738899481447,0.19677193499577614,0.27903525774754295,6
-1.8671738899481447,0.19677193499577614,0.27903525774754295,6
-0.7595697447561692,1.1009420124914198,0.03203607672950718,5
-1.6898876923896446,-0.30406259432759464,-1.8418025908461635,5
-1.5818173130863824,-0.5904201933043641,-1.7691828186246097,5
-1.3601357119394342,0.08204782757883658,-0.24579123196122557,5
-2.9787878226398363,0.36494795052289974,0.5451342629379303,5
-0.5996695084793008,1.8634395111846016,0.34393725059923996,5
-0.28012247432860193,0.5158699249426583,0.6054527356858879,6
-1.8376370513773905,-0.1285508706165916,-0.09666126400319978,6
-1.8376370513773905,-0.1285508706165916,-0.09666126400319978,6
3.814764743552496,1.2294085981627498,0.041252656273480945,5
-3.4929390733872867,0.10367471312284428,-0.9331261882730877,4
1.217106655590648,1.2017876376781262,0.6115210686999387,5
-1.1909983685017487,0.5251090150634314,-2.161575555061652,4
-0.5390337609860955,-0.7070480109851187,2.0229877656955257,6
-1.456843547661302,-0.010014194595658502,-0.32492767411607515,6
-1.456843547661302,-0.010014194595658502,-0.32492767411607515,6
1.7813866641108467,-1.6877868317145401,0.850221237816605,6
-0.7800206908436329,0.4354957445465731,0.16117851568866204,6
-3.5324391476222123,-0.7337271023176711,3.916680354498764,8
-4.249357860097457,-1.417999992412568,3.7871731707391922,6
-1.7630801698565297,-0.4567479186593987,1.7482055599240418,6
-2.791669321480853,-0.09381719853129698,1.0583694863351445,5
-0.6409443743571834,1.1102057749513732,-0.07946149553117984,5
-1.0985527813243636,-0.4888502727009424,0.14387123628799103,6
-0.3482770906798714,1.0931801674594241,-0.9364343749830515,6
0.3198711648949608,-1.649839735551384,0.6446187240001654,4
-1.3584546873532795,-0.5308042601156945,-1.9614414814393353,6
-0.3482770906798714,1.0931801674594241,-0.9364343749830515,6
0.6564457083510868,-2.6792074587094565,0.3249512959842425,7
-1.0025803599953689,0.47123490320235767,0.9036170976572574,6
-1.0025803599953689,0.47123490320235767,0.9036170976572574,6
-1.3341712362100657,-0.5200014535663166,-1.097361374436498,6
0.3125930516268086,0.7874785385432108,-0.28179456086403176,6
-1.3657850317088742,-0.5872067261327846,0.7006649165509359,5
1.9619673496488663,-0.47489377603972033,0.30383004306680905,5
-0.7734418863211815,-2.0185591562113023,2.4652082041151426,6
-2.0026377031002385,-2.4784276976692796,0.0882125880954178,5
1.039221424220232,2.055356632509412,1.2312249717321153,5
1.039221424220232,2.055356632509412,1.2312249717321153,5
-1.7504118941017088,-0.9651452361668792,-1.1901022042354008,5
-0.6520110366158711,0.6181703750168833,0.454501559018903,6
-2.7278682102035883,-1.5711416061134458,1.6987570619003083,6
-1.5026398318420096,-0.3066304030274016,-2.2085931044233473,4
-0.6520110366158711,0.6181703750168833,0.454501559018903,6
-1.2854906081405324,3.3286443890709148,0.8093833784338036,5
-1.2854906081405324,3.3286443890709148,0.8093833784338036,5
-1.8849815928386453,-1.3584059292892965,1.0302740191384352,6
-3.4474366669933465,-1.755988142930488,0.705278946115393,6
-3.434876517745248,0.40770738511671706,-3.6553162391787084,3
-3.867899573346601,-0.8795058021652843,0.7944208283870858,6
-2.3824262062884816,0.5266782447001795,0.18912061974067793,6
0.359191952592579,-2.0525864043113633,0.3719014099985619,6
-0.07213177810190526,-0.18161141393311633,2.1975954569013574,5
-0.627030744064925,1.4019476797720587,-1.0268282487292368,5
-0.7131153101441778,1.3124219528238472,0.18199260339321552,5
0.5790397965203685,1.4568330438655286,-0.18257236948764338,5
-1.8837945743261257,-0.06971866316224216,-0.188069408243519,4
0.5790397965203685,1.4568330438655286,-0.18257236948764338,5
-1.1269396855396374,1.2798709088724072,-0.27703569892499086,5
-0.7131153101441778,1.3124219528238472,0.18199260339321552,5
-2.0444675145153393,-1.651758158336939,1.393111083505816,6
-1.8470190341758872,0.5837750717137269,-1.8684585066144317,5
-0.9568881091669377,0.34906331321358913,0.6820072926677049,6
-0.9760120539198786,0.633828208723589,0.8795145471672965,6
-0.44042218706040354,1.0864100437148216,-0.06575565745799786,6
-5.275172512333813,-0.9073995288566383,1.154464013367326,6
1.1929363429119828,-1.4136256636433473,0.737617440960484,6
-0.44042218706040354,1.0864100437148216,-0.06575565745799786,6
4.499330743893904,1.5465388047264752,-0.17192263565611227,6
0.8916532004192158,0.8875288779308478,-0.48273564939418667,5
-5.387622877825029,-0.882004653978088,1.1828002160429623,6
0.139702722617792,-2.205984250619824,0.7557369194806014,5
0.6810796830085162,-0.7028136095438716,1.603356857395284,7
-1.3233514320159814,-0.5724372668340956,0.5340413440680477,6
-1.3233514320159814,-0.5724372668340956,0.5340413440680477,6
-1.3233514320159814,-0.5724372668340956,0.5340413440680477,6
-1.3233514320159814,-0.5724372668340956,0.5340413440680477,6
-1.4443350251084373,0.037626711245344176,-0.7644839182608817,5
-0.5559009079352744,1.07951680753535,-0.010115686431983711,6
-0.5559009079352744,1.07951680753535,-0.010115686431983711,6
-0.46982849854981845,2.4471814643635854,-0.8388252740311846,5
-0.14344668169415462,-0.9543440459839078,-1.130790254913403,6
0.13618195351754364,0.5451149068003365,-1.7017933924786421,5
-1.5721876762040818,-0.19538195427325378,-2.318478152868176,5
-2.290881826113296,-0.8011911263027748,1.2840653659786494,6
-2.341449827720227,-0.29514312563504286,-0.6826062880081332,5
-2.341449827720227,-0.29514312563504286,-0.6826062880081332,5
-2.341449827720227,-0.29514312563504286,-0.6826062880081332,5
-1.5107580424639495,-0.530396786805217,-0.4244147827112985,6
-1.5107580424639495,-0.530396786805217,-0.4244147827112985,6
-1.5107580424639495,-0.530396786805217,-0.4244147827112985,6
-1.4858749366631068,-0.18460076632340475,-0.5265239236044151,6
-1.5107580424639495,-0.530396786805217,-0.4244147827112985,6
2.257608145993953,-1.3675231838513666,-0.6132378604870107,5
-0.23396472229726084,-0.8043489223110009,-0.42203471814618587,6
-2.7647489266056624,-1.4317882661243995,-0.3493856591634748,5
-1.7233687618737548,-0.4641950351525321,-1.9546321217494333,5
-1.7233687618737548,-0.4641950351525321,-1.9546321217494333,5
-1.9715508103665305,0.2575116116462756,0.10825266379894617,5
-0.24232769307255492,1.2906754512114964,0.42772480031480087,5
-2.2601748156645938,-0.9857362100619629,0.21171888190673444,6
-1.3971716551545388,0.48591073736202595,-0.9421637672070698,5
-1.3971716551545388,0.48591073736202595,-0.9421637672070698,5
-1.4996241911221728,-0.4420818148482558,-1.0974575356082399,5
-1.3116510729742539,-1.1870471173063324,-0.09054316554949461,5
-1.346739827659291,-1.2810053862306239,-0.21710345066322675,5
-1.3468333700567368,0.552540631575397,1.2966894784765628,6
0.01176408305612861,4.225923207431404,0.9017250443579222,5
1.9948401252824508,-1.2345865485165655,-0.9453282846343223,6
0.48250664660825726,-0.5467002384868539,-0.41475351331447924,5
-0.8810528321747854,0.8037964416199395,-1.4348345694993048,5
1.9948401252824508,-1.2345865485165655,-0.9453282846343223,6
-0.7324464803605014,0.6408715390725576,-1.3371203234078068,4
-2.1527434685635223,-0.9481381600672927,-0.10953718128320535,6
0.056310516226104335,0.16772837746732477,-1.0620243930007542,5
-1.2275312026070861,0.21980036159482164,-1.4095132034817561,5
0.7058120757071246,0.6145580967826756,1.1545036394186112,6
-0.44310679395892066,0.9616085599718944,-0.7847360577478482,6
-2.453458201040094,-1.314074178839028,-1.2898441991495582,4
3.3972902645634226,1.445919564170067,-0.7606671478418413,5
1.0352202579852279,-1.6343394837483616,0.8816734493026248,6
3.3972902645634226,1.445919564170067,-0.7606671478418413,5
-0.27178079495822505,2.759336912706988,-0.1575847358471263,5
-1.3951451122856344,0.7658155181340708,-1.7127831311545807,3
-0.5944901207331933,0.9050525320914298,0.042527573475944054,5
-0.9012386645338543,-0.39392876488574446,-1.7747857612693971,5
-2.5510155804322263,0.13965769621472965,1.9753271575147173,6
-0.8249389338549197,-0.556093688151037,-0.6812298033844458,6
-1.3966180852490369,-0.41845080585397687,-0.30879318469966954,6
-1.3966180852490369,-0.41845080585397687,-0.30879318469966954,6
-2.0738969688270354,-0.26500417996703596,-2.026991930361265,5
-0.6592917156638946,1.6744945574307895,0.3074791512078937,5
-0.6592917156638946,1.6744945574307895,0.3074791512078937,5
-0.8651318315113806,1.5553158521344013,-0.7554388719550923,5
-0.39466725293650706,2.6402395698546246,-0.4748465822011155,5
-1.0246566625485907,-0.27390013229038357,-1.4748883159683241,5
-1.0246566625485907,-0.27390013229038357,-1.4748883159683241,5
-0.13383087453428122,0.6274861175956838,-0.26848841351351443,5
-0.9039710807036029,2.3368193069865257,1.0361869240202786,5
-3.2503242368797847,-1.2830130386329401,1.3760058891302354,6
-0.7896961768124239,-0.8081097552267634,-0.6615084730853866,5
-1.4841943596445568,-1.0977320169882194,-1.4072458912745764,5
-0.561176456165843,0.30358944289279993,-0.03689436223055773,5
-1.0273640451072654,1.9785763743698581,-0.10387114649771816,5
-0.36314501219955475,-0.6340159082231648,-2.093102478230988,6
-0.3349006797483071,-0.6302215687192613,-2.0399112009228406,5
-0.6918761990987452,1.199455506998836,0.1802467421220062,5
-1.5404259335959074,-0.14793948412464597,-0.6444439500633065,7
-1.8010691838887027,-0.6999536011070577,-0.4082841188139766,6
-0.6476188109495861,2.8452603270376975,0.7588542652036715,5
-0.6476188109495861,2.8452603270376975,0.7588542652036715,5
-0.12644073853569296,-2.1310359250738555,1.2614420144746892,6
0.6559932312920316,-1.7764130704221843,0.43058922032879726,8
0.17081010597718307,-0.18874466329659764,-0.12093441754934302,6
0.0559889926298036,-1.2239387074327128,1.732444920670133,7
1.423745270771785,-1.0429444940606594,1.0129416976818737,6
-2.1589205824079682,1.120905245968692,1.9261650782662552,6
0.2376520553624401,-0.5705574935721562,3.3785110846528963,7
-2.1589205824079682,1.120905245968692,1.9261650782662552,6
-3.4558393078655043,-1.1057804151631645,-1.1535103003043314,6
-0.9531180545247852,-1.1331121945162579,0.23967702849147593,6
1.423745270771785,-1.0429444940606594,1.0129416976818737,6
1.4584927370307146,0.47145612874805815,0.17839579392120167,5
2.582375847844009,-1.3551697945262062,-0.7278261726387646,5
-1.870876161554745,-0.3825511408302069,-0.9710634229035017,5
2.582375847844009,-1.3551697945262062,-0.7278261726387646,5
-0.4826622839279247,-1.0858163280871564,1.996806144226899,7
-1.0445038391173982,-1.0354605104706196,-1.4778196529116996,5
-0.9112106577280985,2.543261541900004,0.8085328601035846,5
-1.0445038391173982,-1.0354605104706196,-1.4778196529116996,5
-0.5690502932380868,0.6763857123932246,0.13666088177869923,5
-1.497442139273648,0.9528533606177529,1.7166699409234023,6
-1.2464878901762853,0.08392576853634753,0.044514208757707764,4
0.8574237867043684,-1.168643635989583,-0.24822530056507808,6
0.8574237867043684,-1.168643635989583,-0.24822530056507808,6
-0.13091548628057437,-0.7554509024879494,2.168666073944595,6
-0.31651949081978326,-1.5043538966804335,0.19901334148540986,5
-1.3221442664679468,0.6680049358291423,0.2544631870539743,5
0.4687422564002636,0.1778273166244624,3.200146305368027,5
-0.8154683582034434,-0.31761882999581376,0.5597429881186972,5
-0.2450602609440402,0.15415376361790442,0.2257736708221196,6
-2.3239152706290636,-2.129484182780216,0.5737770167262651,6
-1.2952052168580164,-0.831473367917587,0.1724207894054319,7
4.690673142319118,6.809866137019417,0.971198116557625,6
4.690673142319118,6.809866137019417,0.971198116557625,6
2.3441803839174717,1.9450560082006245,-0.31396942404757755,5
-1.8126008990382279,0.5549232585375603,-0.3926384189647204,5
-2.02306706732889,-1.1833743401574497,-1.48391810392874,5
-1.4882595720647085,1.5236821296339516,1.000077462810229,6
-0.3572535291463856,-1.3471955439688115,1.1746804424818127,7
-0.05997956805707829,2.47856752134081,-0.6012084794114811,6
-1.2373150123712886,0.3643329070980282,-0.7229009806695624,5
-2.154121816614689,-1.6891271774337953,0.2680148381604441,5
-1.4918024995432198,1.511598881548313,1.0148356854184222,6
-0.06352249553559244,2.466484273255161,-0.5864502568032749,6
-1.2373150123712886,0.3643329070980282,-0.7229009806695624,5
-1.3914703152174308,0.8311565987838982,-0.6335373099759151,5
-1.323133663709641,1.8025083236681676,0.49883294808190204,5
-0.37354152479966024,-1.329776982371891,1.2048649139053913,8
-0.3572535291463856,-1.3471955439688115,1.1746804424818127,7
0.8105368109586524,-1.3962479067419213,0.49395730980425984,7
-2.1092019497748593,0.5316637257533446,1.8691582663747035,7
-0.32528432465574414,1.5658070286577388,0.2544778390533493,5
2.7317481742649834,-1.3809804629627278,-0.5061257713446315,6
-2.970284720343469,-0.6579687209837299,-1.0983122860599193,6
-2.590072852210657,1.3385457269060463,1.799350426756537,6
-0.32528432465574414,1.5658070286577388,0.2544778390533493,5
0.009866700834142041,-1.642698095976414,0.24386317512691869,5
-0.15558721646333454,-2.621189749392471,1.5642351491424218,7
-1.19646665516259,1.2085768942459159,1.1237155911709475,6
-2.581850742992061,-0.3319921840651403,-1.6817100065356236,4
-1.7562307169968852,-0.12141940830229297,-0.5783406674684173,6
-1.8473547308843181,-0.12980904652837047,-0.3727278755002535,6
-1.557950041203336,1.2361904337712064,0.44380549321957863,5
-1.557950041203336,1.2361904337712064,0.44380549321957863,5
-0.13685407966193522,0.882186414763384,0.6644038468826521,7
-2.5679893426623566,0.6172087204967781,-1.1610315616875098,4
-0.13685407966193522,0.882186414763384,0.6644038468826521,7
-1.604221612221517,1.3334830829327795,-1.6737726740437833,3
0.5799044835732342,-0.5733425507523712,-1.9601516509849355,5
-2.5819352275880827,-1.4039697105506612,0.34604877448116855,5
0.6149208275703998,-0.5051500210400056,1.7780752590931483,6
-2.456388613130249,-0.510548181971072,0.32462893865235515,5
4.560872546061354,5.678892989198146,0.8393396160914852,5
-3.0369577340677334,-1.0072232456998165,3.366368448994889,7
4.560872546061354,5.678892989198146,0.8393396160914852,5
-3.040500661546244,-1.0193064937854552,3.381126671603084,7
-1.1549378696321757,0.4617120796030211,-2.198069508559966,3
1.3148341930868983,-1.0764519394823164,0.42230434626531804,5
-2.974183047700996,-0.86452112285638,-0.8851238027274696,4
1.3148341930868983,-1.0764519394823164,0.42230434626531804,5
0.27398120643991575,-1.2210335139390671,-0.9743286322239667,4
-0.1859727063762725,-2.0994050774130075,0.28756247120460016,5
-2.474864557143476,-0.8016691281676391,-1.5189373133871356,4
-1.2884929110803183,-0.3163946665276832,-1.253712230293094,5
-1.4281698387699144,-0.6048049517853828,-0.7522400490975546,5
-2.300155982054004,-0.8502887248364259,-0.2839256687140626,5
-3.4888367700179472,-1.6595746658532748,0.03464240529097073,5
-2.0022779146663665,-1.5079418611064215,-0.16318459854590614,6
-0.9674092065747888,-2.841783691644174,1.9050694408786093,6
-3.4888367700179472,-1.6595746658532748,0.03464240529097073,5
-3.2653646248135137,-1.7109301798463914,0.07167934503735349,5
-0.18507651193221464,2.26610372633285,0.8464696297239708,5
-1.561639683378176,-0.8399801338708063,0.515484340972284,7
-1.2426176673692848,-0.7026995420513436,0.45589919730944706,6
-0.18507651193221464,2.26610372633285,0.8464696297239708,5
-2.3211690620423098,-1.0955306962829992,-0.5598877039407916,6
-2.596804492332022,-0.49419697616224534,-1.468475754384937,6
-2.3211690620423098,-1.0955306962829992,-0.5598877039407916,6
-1.498116239457242,-0.5152169368500261,-1.699400207345886,5
-0.04703167068710863,1.7003723525185053,-0.8192974412245889,5
-0.8006450994134173,0.5648300076781189,-0.4828027932808754,5
-1.067351912655018,-1.5364837371378504,0.40843213318624555,6
0.20648525371768375,-1.9411703238134856,0.35537150258228495,6
-2.2974376480560674,-0.5035881255677851,-1.5857328261126247,3
-2.2917793340408945,-0.7720109514074274,-1.1529077154770262,6
0.20648525371768375,-1.9411703238134856,0.35537150258228495,6
0.8246647851038966,-0.920994988483624,0.9236492398776008,6
-0.005107017564540147,-2.30881887630156,1.2680897741439658,5
-0.9556226290004758,0.4699948221028424,0.9172839414935396,6
-1.4717678634638665,0.4519693160196006,-0.9349095761685785,5
-2.4105511519950102,-0.2814634298735457,-1.0528331596965892,6
-1.9233276704878193,-0.016094456445363885,0.7293239312139691,6
-0.9025916913721265,1.8374052788549677,-1.0765431839657973,6
-0.9043631551113842,1.8313636548121415,-1.069164072661692,6
-0.480798595483603,0.10967809925645847,1.7832815310106152,5
-1.5554621372935489,0.48383217408003837,0.9772849092909978,6
0.23307644061582197,-1.109441480110467,-0.21761187111902822,5
-1.5599105128818345,0.255181115812984,-1.0066742192036349,5
-1.5554621372935489,0.48383217408003837,0.9772849092909978,6
-1.181431004154939,-0.371872035985392,-1.2072387030288934,4
-0.480798595483603,0.10967809925645847,1.7832815310106152,5
-1.022087342521649,0.6389391312460555,1.0311783449163212,5
-1.158479727167584,0.1523394240444983,0.8960966868455814,6
-1.2737617901416887,0.02320990535662679,-0.1418206513034005,5
-1.106788750647467,0.12404291463773,-0.11813945571298824,6
-1.3210454537764929,-0.7502107129176291,0.00886610323968491,6
0.8519896741108497,0.08393715120271324,0.992887354293824,6
-1.764661064955084,1.7084842196409291,0.5529446160716308,6
-1.7796530448496577,-1.4634755900409964,0.47984933582271455,6
-2.1585580944272267,0.1542968090477508,-0.674005943134832,5
-0.7057940596667546,-0.27728961435143706,-0.2827669942057339,6
-0.04609611586006973,1.6445526507934047,0.6583341950373989,5
-2.042607256167262,-1.0771147804541914,0.6695852759976895,7
-1.1698974635171415,0.05602781835443589,-0.5451317495931679,6
-2.307898300820581,0.38123078742884503,0.5646533987821254,6
-2.5035156073043976,-0.0067743713832521014,0.15402852796316052,6
-2.4510259784936577,-0.7006939457485433,0.41414203094337615,5
-0.35559908733885304,0.9501424130626404,1.3074295461567524,5
-1.8476824861688759,-0.35618648268722314,0.3797578162839787,6
-0.2134370206214235,-0.5588770190381198,1.40944485250891,7
-2.281006909522228,0.7536047935749778,-0.21668971166547768,6
1.3236222175183874,-1.0061838364759692,-0.44646398636993234,6
0.7449370751646097,-1.6363090527695192,0.9542782754605983,7
-1.1575180130031344,-0.37403917707968876,-0.1253776414009091,6
-1.5619758743135894,-0.13744394580969552,-0.4633380716173015,5
-3.1895443526321,-1.498919207369107,0.6524596474999681,5
2.2305137181009855,-0.26018109061629885,0.08610354343816111,5
-0.5006129536011941,-1.4238579887749176,1.2560624931648647,8
-1.4894788892666493,0.6787459785007107,-1.5613133070481005,5
-1.4749895866836777,0.7322597939748872,-1.4820536468320753,5
-2.0932977694678465,1.3413392872077,0.8541501937427359,6
-1.3636159196421906,0.7896540474440349,-1.5578496264668524,5
-2.555004829328293,0.005669624310244401,-0.9028234410962311,6
-1.5407014679843682,-0.696944547054465,0.045917030755183955,7
-2.428329566919901,0.22148543734263165,-1.6888418106225276,5
-2.555004829328293,0.005669624310244401,-0.9028234410962311,6
1.0295851220274965,5.6085735991332,1.8453524568161326,5
-0.31517806425174216,2.38222229899706,0.864067351433813,5
-0.31517806425174216,2.38222229899706,0.864067351433813,5
-0.31517806425174216,2.38222229899706,0.864067351433813,5
-1.3310370305236048,-0.36795954140060777,-1.0628071993731323,5
-1.3310370305236048,-0.36795954140060777,-1.0628071993731323,5
-1.3310370305236048,-0.36795954140060777,-1.0628071993731323,5
-1.8980358210066621,0.29492028375179813,0.6692620261050335,6
0.24655173646198994,-0.9447397408010727,2.6676357928727907,6
-1.3310370305236048,-0.36795954140060777,-1.0628071993731323,5
-1.074267950872066,0.8028699413539632,-0.43752921139558026,5
-2.4026575442874,-0.9804408140806046,0.7875794763319514,6
0.20051614041815358,-1.1884540120650502,2.5328092983636408,6
-1.7116037713260535,-1.0757788122109238,0.7970434596883923,6
-0.7867483874723997,2.403113848017388,0.5152800455016925,5
-2.358612437533981,-0.7660286413114281,1.372311477477657,6
1.3797609138429208,2.7484006559921634,2.7096856133578937,6
-0.52505367555889,-1.6068258136839384,0.7679068489726191,6
0.9136812803164327,-1.3788329884582633,1.3333066227807429,6
-1.9046811704812765,-0.10447389482083265,0.20529826369112766,6
-1.5204010868864373,-0.7194686552183371,-0.19788359626494686,6
-2.748797825886034,-0.42945251674367263,0.9143384086021189,5
-0.7822232011316738,-1.8146589795047363,1.0739135000204185,6
-2.748797825886034,-0.42945251674367263,0.9143384086021189,5
-3.2081327318699446,-0.8894833753106735,0.2922148726041254,5
-0.8299426752351301,1.6882862590986303,1.3472165356991863,5
-0.20802661079575954,-0.9701156013039862,2.186871330352312,7
-0.040011532212013014,-0.6555872350338718,2.04281717043562,6
-0.0714809463770008,0.01458566789512106,2.7740588549986285,6
-2.523541771211753,-0.4141756900337673,0.3180271310623966,6
-0.9724725959604781,0.798040083659842,2.848894866477009,6
-0.23680183160823584,3.2320164751828164,-0.11263071977078017,5
-1.7264628119618386,-0.5289396648253182,1.6490413830496164,6
-3.4864491672861413,-0.579962177870096,0.1761884840214581,6
-1.45612897200323,0.3117455941959802,1.124239407253495,6
-1.2356175152987343,0.9253456053194151,-0.009309187902457357,6
-2.150500099728501,0.8142860027903689,0.6170626098617458,5
-2.214496079762367,0.8931013579267975,1.8074019483506658,6
-1.45612897200323,0.3117455941959802,1.124239407253495,6
-2.270517927276904,0.9797911109249258,0.627964564798133,5
-0.4269747519493953,-0.5366902059457943,1.6289551977001138,6
