CustomerID,Recency,Frequency,Monetary,kmeans_label,hierarchical_label,dbscan_label
12945.0,288,1,462.95,3,3,0
18048.0,203,2,172.29000000000002,1,6,0
17506.0,76,1,302.2,5,0,0
17673.0,2,6,1629.12,5,0,0
14764.0,47,1,278.3,5,0,0
13831.0,16,6,2202.99,5,0,0
16357.0,33,3,658.88,5,0,0
12726.0,28,7,2609.1,0,0,0
14312.0,47,6,1611.59,5,0,0
17752.0,359,1,80.64,3,3,0
15611.0,10,13,1591.45,0,0,0
13645.0,120,1,252.1,1,6,0
17962.0,142,1,102.83,1,6,0
13513.0,127,1,205.1,1,6,0
15626.0,75,2,675.8,5,0,0
17297.0,17,1,131.78,5,0,0
16859.0,145,2,747.81,1,6,0
15433.0,214,2,533.3,1,6,0
17406.0,333,3,2200.42,3,3,0
15318.0,4,1,312.62,5,0,0
17526.0,5,4,1195.8999999999999,5,0,0
16048.0,373,2,256.44,3,3,0
13828.0,22,1,209.49,5,0,0
15906.0,20,7,1567.69,0,0,0
17419.0,11,12,4226.57,0,0,0
17640.0,87,1,621.66,5,0,0
14442.0,205,2,1589.82,1,6,0
16000.0,3,3,12393.7,5,0,0
15899.0,369,1,56.25,3,3,0
12412.0,75,3,1226.88,5,0,0
17530.0,1,10,2385.0,0,0,0
15246.0,238,2,514.15,3,3,0
15005.0,16,28,6316.57,6,1,0
15805.0,23,17,5528.4800000000005,0,1,0
15045.0,152,2,735.66,1,6,0
18079.0,45,4,3651.97,5,0,0
16498.0,161,2,100.97,1,6,0
17191.0,28,7,2095.13,0,0,0
16751.0,31,1,1764.72,5,0,0
16950.0,57,3,1178.56,5,0,0
14357.0,43,1,225.77,5,0,0
17519.0,17,6,1844.02,5,0,0
17229.0,96,2,318.76,5,0,0
14489.0,207,1,463.38,1,6,0
14020.0,17,2,642.8,5,0,0
16523.0,2,21,9418.470000000001,6,1,0
17302.0,15,5,1135.63,5,0,0
15652.0,91,1,337.74,5,0,0
17211.0,27,8,2317.2200000000003,0,0,0
18055.0,7,10,6784.1900000000005,0,0,0
12912.0,3,5,1662.3,5,0,0
12657.0,11,4,1643.18,5,0,0
14071.0,4,8,1438.82,0,0,0
13799.0,117,2,688.86,1,6,0
12974.0,198,1,144.8,1,6,0
15367.0,57,4,1877.59,5,0,0
13591.0,65,3,1117.13,5,0,0
18233.0,326,1,440.0,3,3,0
18165.0,177,1,302.46000000000004,1,6,0
13171.0,22,3,468.41,5,0,0
14844.0,64,4,3189.81,5,0,0
15845.0,18,8,3711.77,0,0,0
15452.0,30,3,538.73,5,0,0
17509.0,58,8,6115.14,0,0,0
16953.0,30,1,20.8,5,0,0
16092.0,115,3,817.86,1,6,0
14973.0,107,3,1314.45,1,6,0
13021.0,4,9,2616.38,0,0,0
18245.0,7,7,2567.06,0,0,0
14292.0,8,9,4871.93,0,0,0
16545.0,165,1,339.3,1,6,0
13144.0,333,1,110.95,3,3,0
18232.0,82,4,592.97,5,6,0
17371.0,17,3,423.89,5,0,0
15547.0,7,14,4954.84,0,0,0
14301.0,117,1,640.14,1,6,0
13832.0,19,1,52.199999999999996,5,0,0
16913.0,290,1,113.44,3,3,0
17848.0,81,9,901.1999999999999,0,0,0
17481.0,4,4,1255.59,5,0,0
17187.0,227,1,203.95,3,3,0
16284.0,31,2,823.97,5,0,0
17588.0,100,3,1240.2,1,0,0
15000.0,48,1,490.52,5,0,0
12417.0,3,9,3649.1,0,0,0
12631.0,57,1,640.5,5,0,0
13187.0,337,1,236.02,3,3,0
16450.0,150,1,311.92,1,6,0
12478.0,4,1,680.99,5,0,0
18241.0,10,17,2073.09,0,1,0
12808.0,37,3,483.65000000000003,5,0,0
15221.0,366,1,403.25,3,3,0
14159.0,20,11,4693.01,0,0,0
15255.0,67,1,890.85,5,0,0
17656.0,73,5,1674.69,5,0,0
16023.0,46,3,719.81,5,0,0
18008.0,70,9,2116.19,0,0,0
14142.0,373,1,311.81,3,3,0
13229.0,226,1,160.95,3,3,0
16532.0,18,3,6748.8,5,0,0
15180.0,367,1,87.5,3,3,0
17793.0,25,1,323.04,5,0,0
14259.0,142,1,120.0,1,6,0
16026.0,43,1,236.09,5,0,0
18082.0,26,1,703.37,5,0,0
14189.0,2,15,4654.08,0,0,0
12625.0,212,2,2683.82,1,6,0
13104.0,3,6,1098.48,5,0,0
13005.0,174,2,513.7,1,6,0
14800.0,48,12,4339.74,0,0,0
13483.0,66,1,140.34,5,0,0
14806.0,75,1,193.39000000000001,5,0,0
16120.0,59,4,1309.14,5,0,0
13297.0,8,4,2089.85,5,0,0
17068.0,12,21,4552.14,0,1,0
16506.0,20,2,90.30000000000001,5,0,0
16712.0,9,11,3645.43,0,0,0
13410.0,24,5,1003.06,5,0,0
17557.0,14,3,541.46,5,0,0
17044.0,25,1,948.48,5,0,0
13499.0,18,5,1159.11,5,0,0
14285.0,21,4,1910.01,5,0,0
14713.0,9,11,2666.36,0,0,0
14868.0,3,8,2953.59,0,0,0
14076.0,129,1,122.47,1,6,0
12557.0,16,5,11990.960000000001,0,0,0
12374.0,25,1,742.9300000000001,5,0,0
14709.0,15,13,4921.04,0,0,0
17040.0,138,1,449.73,1,6,0
16542.0,54,1,119.62,5,0,0
16033.0,6,20,8816.4,0,1,0
12712.0,29,13,4396.13,0,0,0
14138.0,2,2,982.3800000000001,5,0,0
14932.0,366,1,363.53,3,3,0
14476.0,257,1,215.7,3,3,0
14538.0,65,2,388.25,5,0,0
13162.0,122,4,1688.29,1,6,0
15098.0,182,3,39916.5,6,2,-1
12583.0,3,15,7281.38,0,0,0
14306.0,51,2,2093.32,5,0,0
13279.0,78,1,137.75,5,0,0
18215.0,89,1,299.34000000000003,5,0,0
13391.0,204,1,59.8,1,6,0
13013.0,1,13,4810.9400000000005,0,0,0
14609.0,72,4,601.56,5,0,0
16539.0,3,4,1388.81,5,0,0
14913.0,36,4,1227.43,5,0,0
14196.0,107,1,335.52,1,6,0
13515.0,73,4,891.12,5,0,0
15880.0,369,1,343.28000000000003,3,3,0
17469.0,16,5,1870.97,5,0,0
15977.0,17,2,1054.73,5,0,0
16533.0,19,3,1095.56,5,0,0
12545.0,75,2,1000.39,5,0,0
15651.0,37,3,646.3,5,0,0
14808.0,40,8,2741.17,0,0,0
17896.0,23,1,256.32,5,0,0
13283.0,60,2,93.66,5,0,0
13015.0,53,5,3346.28,5,0,0
13718.0,246,2,306.55,3,3,0
18022.0,36,1,668.11,5,0,0
14561.0,76,3,1080.76,5,0,0
14883.0,19,6,761.59,5,0,0
15596.0,101,5,1406.59,1,6,0
16773.0,57,1,171.59,5,0,0
12852.0,295,1,311.55,3,3,0
14665.0,61,5,1835.7,5,0,0
14499.0,26,3,815.32,5,0,0
17714.0,321,1,153.0,3,3,0
15122.0,114,3,1633.78,1,6,0
16734.0,52,3,650.51,5,0,0
17886.0,32,3,899.61,5,0,0
16654.0,141,4,601.27,1,6,0
17658.0,26,2,595.42,5,0,0
15993.0,9,7,2797.57,0,0,0
15628.0,5,9,2870.2400000000002,0,0,0
15033.0,5,10,2586.67,0,0,0
14567.0,57,2,1530.3600000000001,5,0,0
14250.0,7,3,1904.05,5,0,0
13216.0,268,1,333.74,3,3,0
14732.0,8,8,2702.4900000000002,0,0,0
14178.0,9,7,1620.93,0,0,0
14154.0,239,2,1345.62,3,3,0
16872.0,77,3,680.02,5,0,0
13466.0,184,1,307.9,1,6,0
16563.0,54,1,1077.74,5,0,0
12795.0,19,1,430.48,5,0,0
16500.0,5,6,400.86,5,0,0
16057.0,16,7,2263.12,0,0,0
15307.0,96,1,205.3,1,0,0
14215.0,12,6,1789.72,5,0,0
16031.0,92,2,548.94,5,0,0
13602.0,65,1,428.89,5,0,0
16637.0,32,4,1154.47,5,0,0
15070.0,373,1,106.2,3,3,0
16803.0,65,1,332.3,5,0,0
12577.0,35,3,657.8,5,0,0
16012.0,35,3,1415.29,5,0,0
14041.0,266,1,141.41,3,3,0
16520.0,186,3,1046.57,1,6,0
16018.0,39,2,408.90000000000003,5,0,0
12753.0,23,6,21429.39,0,0,0
16601.0,41,1,244.79999999999998,5,0,0
17115.0,8,3,837.5,5,0,0
13863.0,248,1,305.78,3,3,0
15615.0,10,23,10399.74,6,1,0
14351.0,165,1,51.0,1,6,0
16729.0,38,21,7239.92,0,1,0
16050.0,174,1,137.9,1,6,0
17118.0,318,1,157.02,3,3,0
13716.0,269,1,138.28,3,3,0
17895.0,44,1,98.0,5,0,0
14520.0,2,2,270.6,5,0,0
17830.0,2,3,398.7,5,0,0
16738.0,298,1,3.75,3,3,0
15386.0,186,1,394.14,1,6,0
16150.0,43,5,2053.02,5,0,0
14087.0,3,1,194.42,5,0,0
16006.0,211,1,101.4,1,6,0
12641.0,115,1,185.9,1,6,0
15790.0,10,1,220.85,5,0,0
17536.0,177,1,76.5,1,6,0
14505.0,17,8,5905.64,0,0,0
15541.0,114,1,85.13000000000001,1,6,0
12547.0,198,2,207.79999999999998,1,6,0
15861.0,12,8,3165.36,0,0,0
14867.0,186,3,710.28,1,6,0
18173.0,87,4,2106.84,5,6,0
13307.0,120,1,15.0,1,6,0
14162.0,174,2,289.36,1,6,0
17446.0,177,2,120.9,1,6,0
15563.0,22,4,1400.44,5,0,0
16782.0,10,13,2279.9,0,0,0
16535.0,5,1,593.75,5,0,0
15776.0,133,1,241.62,1,6,0
14388.0,10,8,3212.84,0,0,0
13867.0,31,3,1015.29,5,0,0
17746.0,240,1,110.25,3,3,0
17262.0,52,5,1253.3600000000001,5,0,0
13267.0,3,19,4521.49,0,1,0
13362.0,9,4,3090.7400000000002,5,0,0
16838.0,197,2,588.85,1,6,0
17367.0,238,1,168.4,3,3,0
15980.0,89,3,2398.86,5,6,0
12811.0,261,3,514.85,3,3,0
15443.0,2,7,3236.91,0,0,0
12360.0,52,3,2662.06,5,0,0
13626.0,253,1,257.23,3,3,0
15526.0,33,2,148.44,5,0,0
17852.0,12,2,114.34,5,0,0
16349.0,291,1,53.5,3,3,0
16963.0,187,1,110.55000000000001,1,6,0
15147.0,240,1,623.5,3,3,0
16126.0,29,4,6287.77,5,0,0
13886.0,71,1,243.56,5,0,0
13815.0,22,4,4027.36,5,0,0
15832.0,254,1,836.79,3,3,0
17516.0,15,5,768.08,5,0,0
12953.0,10,1,329.85,5,0,0
12357.0,33,1,6207.67,5,0,0
13159.0,9,4,1437.85,5,0,0
13667.0,149,1,305.02,1,6,0
13607.0,40,1,678.01,5,0,0
16123.0,52,1,307.78,5,0,0
17030.0,64,1,146.87,5,0,0
15641.0,105,4,1887.2,1,6,0
13072.0,267,1,177.15,3,3,0
14439.0,320,1,2661.24,3,3,0
14676.0,31,6,2548.2400000000002,5,0,0
13487.0,58,3,575.4,5,0,0
17223.0,310,2,426.79,3,3,0
14577.0,13,4,859.71,5,0,0
17870.0,2,12,1894.35,0,0,0
14890.0,254,1,125.65,3,3,0
16320.0,172,2,1038.46,1,6,0
15175.0,72,1,224.14,5,0,0
16161.0,2,19,5575.56,0,1,0
17966.0,38,5,1098.43,5,0,0
13756.0,2,14,5189.52,0,0,0
15578.0,162,1,127.1,1,6,0
12719.0,5,2,644.95,5,0,0
13223.0,200,2,163.20000000000002,1,6,0
17664.0,19,2,604.64,5,0,0
18123.0,24,2,589.4399999999999,5,0,0
16341.0,25,4,1971.87,5,0,0
16554.0,42,3,837.1,5,0,0
14246.0,111,3,1474.06,1,6,0
12754.0,236,3,3010.74,3,3,0
12413.0,67,3,758.1,5,0,0
14465.0,247,3,1058.6200000000001,3,3,0
16086.0,59,5,1121.39,5,0,0
12679.0,59,4,1113.02,5,0,0
15395.0,326,1,107.45,3,3,0
12653.0,149,2,2209.85,1,6,0
17553.0,130,1,1487.6,1,6,0
13887.0,204,1,349.55,1,6,0
13210.0,94,1,353.48,5,0,0
12406.0,22,2,3415.3,5,0,0
13345.0,288,1,389.5,3,3,0
12988.0,292,1,535.32,3,3,0
17877.0,170,1,237.61,1,6,0
12635.0,90,2,1689.18,5,0,0
13500.0,23,3,1166.77,5,0,0
16516.0,30,1,101.69999999999999,5,0,0
15544.0,9,9,3546.71,0,0,0
13856.0,169,3,388.5,1,6,0
15579.0,69,2,348.6,5,0,0
14985.0,198,2,296.75,1,6,0
16491.0,47,1,731.5,5,0,0
13937.0,169,1,158.85,1,6,0
12414.0,217,3,562.41,1,6,0
12514.0,267,1,1017.68,3,3,0
14413.0,362,1,122.7,3,3,0
16933.0,1,2,563.23,5,0,0
17812.0,13,4,732.16,5,0,0
13514.0,74,1,152.20000000000002,5,0,0
12985.0,1,2,1239.38,5,0,0
15971.0,18,12,4199.85,0,0,0
15978.0,77,1,1098.78,5,0,0
13174.0,16,3,2817.03,5,0,0
17152.0,195,3,1689.5,1,6,0
12647.0,22,12,3722.82,0,0,0
15856.0,4,27,16387.57,6,1,0
14051.0,1,23,15610.390000000001,6,1,0
12457.0,66,7,2363.23,5,0,0
13650.0,17,6,1836.34,5,0,0
17730.0,3,13,5298.4800000000005,0,0,0
14628.0,91,2,671.96,5,0,0
13803.0,255,1,277.07,3,3,0
14437.0,366,1,63.0,3,3,0
16552.0,243,2,379.73,3,3,0
17651.0,12,10,3945.0,0,0,0
15636.0,90,2,724.76,5,0,0
15115.0,18,1,340.11,5,0,0
14096.0,4,17,65164.79,6,2,-1
15012.0,54,2,423.04,5,0,0
16693.0,69,2,482.01,5,0,0
13151.0,296,1,1257.8700000000001,3,3,0
12660.0,11,1,245.1,5,0,0
15799.0,76,3,884.14,5,0,0
13673.0,19,2,396.92,5,0,0
15432.0,23,1,171.19,5,0,0
13382.0,281,1,222.99,3,3,0
15939.0,90,15,6115.01,0,0,0
17431.0,313,1,403.3,3,3,0
17556.0,206,1,157.9,1,6,0
17708.0,188,2,267.08,1,6,0
17459.0,43,2,657.3,5,0,0
17499.0,290,1,622.88,3,3,0
17463.0,16,5,1896.41,5,0,0
13506.0,316,2,458.52,3,3,0
12681.0,15,22,13787.54,6,1,0
12515.0,353,1,383.7,3,3,0
15237.0,2,4,1412.32,5,0,0
14738.0,43,7,1314.45,5,0,0
16919.0,156,11,2596.45,1,6,0
15948.0,8,2,955.24,5,0,0
17408.0,163,1,32.65,1,6,0
17549.0,24,2,148.86,5,0,0
17427.0,72,1,100.8,5,0,0
15341.0,81,1,2020.52,5,0,0
13557.0,28,2,584.06,5,0,0
16257.0,177,1,46.95,1,6,0
12622.0,232,1,180.1,3,3,0
17639.0,276,1,108.5,3,3,0
16511.0,22,3,950.26,5,0,0
15565.0,50,2,173.16,5,0,0
12863.0,52,1,521.2,5,0,0
17883.0,3,4,671.77,5,0,0
18185.0,249,1,304.25,3,3,0
12689.0,26,2,1247.61,5,0,0
15427.0,33,3,1483.14,5,0,0
12476.0,16,11,6816.42,0,0,0
13166.0,283,1,417.2,3,3,0
14849.0,22,25,7930.54,6,1,0
13372.0,90,1,378.64,5,0,0
13319.0,5,26,10845.550000000001,6,1,0
15174.0,323,1,135.75,3,3,0
14112.0,23,7,2915.15,0,0,0
14692.0,137,4,591.55,1,6,0
15099.0,84,1,410.48,5,0,0
15882.0,199,4,516.36,1,6,0
14902.0,26,1,332.66,5,0,0
13979.0,73,1,869.87,5,0,0
12787.0,10,3,463.66,5,0,0
16362.0,32,5,734.77,5,0,0
13708.0,271,1,296.88,3,3,0
15088.0,21,2,1160.07,5,0,0
12916.0,139,4,3006.15,1,6,0
15262.0,324,1,178.95000000000002,3,3,0
16128.0,18,5,1880.22,5,0,0
14766.0,8,6,2473.37,5,0,0
13740.0,241,1,350.75,3,3,0
15648.0,204,2,657.35,1,6,0
16718.0,369,1,623.75,3,3,0
14385.0,9,3,202.11,5,0,0
12716.0,4,2,1053.49,5,0,0
15010.0,36,1,308.94,5,0,0
12593.0,109,3,418.09999999999997,1,6,0
13706.0,303,1,330.79,3,3,0
14427.0,50,2,363.34000000000003,5,0,0
15093.0,18,6,4597.02,0,0,0
14173.0,11,4,450.84,5,0,0
16565.0,364,1,173.7,3,3,0
15983.0,22,4,1475.02,5,0,0
13473.0,61,2,422.64,5,0,0
12700.0,8,4,4939.99,5,0,0
17861.0,3,8,2100.8,0,0,0
17624.0,15,2,843.48,5,0,0
12391.0,22,1,460.89,5,0,0
14214.0,31,5,1004.38,5,0,0
18265.0,72,2,801.51,5,0,0
16332.0,28,7,1593.2,0,0,0
16156.0,9,9,3122.04,0,0,0
18058.0,10,1,170.16,5,0,0
16271.0,3,5,1429.24,5,0,0
14603.0,275,1,660.0,3,3,0
15737.0,15,8,1205.1200000000001,0,0,0
14803.0,162,3,845.55,1,6,0
15186.0,14,2,411.41,5,0,0
14434.0,22,6,1372.8,5,0,0
13736.0,5,2,731.9,5,0,0
15965.0,17,4,845.64,5,0,0
17631.0,2,3,528.33,5,0,0
12854.0,79,3,1324.5,5,0,0
13993.0,43,9,3466.36,0,0,0
14891.0,148,2,554.38,1,6,0
16517.0,277,1,162.7,3,3,0
18171.0,59,5,1231.31,5,0,0
12895.0,42,2,372.8,5,0,0
12408.0,33,5,2888.55,5,0,0
15150.0,17,10,5314.47,0,0,0
13165.0,46,2,1021.48,5,0,0
17593.0,4,5,3927.34,5,0,0
15825.0,172,1,532.94,1,6,0
13132.0,262,1,77.3,3,3,0
15206.0,10,4,420.29999999999995,5,0,0
13145.0,40,4,618.52,5,0,0
15925.0,194,1,207.15,1,6,0
16345.0,44,1,575.41,5,0,0
12384.0,29,2,585.27,5,0,0
12783.0,2,6,2225.91,5,0,0
15380.0,9,5,1690.2600000000002,5,0,0
15288.0,43,5,2306.52,5,0,0
18217.0,29,2,621.75,5,0,0
17863.0,59,6,3160.0,5,0,0
13300.0,169,1,371.89,1,6,0
14936.0,34,8,8137.02,0,0,0
14912.0,17,2,867.85,5,0,0
16295.0,10,4,1328.55,5,0,0
17376.0,71,2,203.2,5,0,0
15311.0,1,91,60767.9,4,4,-1
14769.0,3,8,10674.75,0,0,0
13822.0,6,2,632.0,5,0,0
15958.0,74,1,104.35,5,0,0
16791.0,29,7,1721.78,0,0,0
15755.0,10,6,2364.25,5,0,0
14352.0,157,4,1078.96,1,6,0
15681.0,25,5,1426.16,5,0,0
17397.0,22,2,696.41,5,0,0
15214.0,2,8,1661.44,0,0,0
15517.0,233,1,267.03,3,3,0
12430.0,43,1,256.4,5,0,0
15869.0,277,2,149.64,3,3,0
12924.0,88,4,933.7,5,6,0
12509.0,284,1,176.5,3,3,0
13577.0,25,4,1687.6000000000001,5,0,0
12456.0,44,3,3181.04,5,0,0
13841.0,253,1,85.0,3,3,0
17897.0,173,3,566.6,1,6,0
13298.0,1,1,360.0,5,0,0
17571.0,50,4,1498.51,5,0,0
15245.0,134,3,2515.84,1,6,0
17236.0,13,6,916.13,5,0,0
16394.0,57,5,1555.34,5,0,0
16839.0,9,34,16594.35,6,1,0
13189.0,19,2,260.68,5,0,0
16432.0,64,1,287.4,5,0,0
14923.0,51,1,749.1,5,0,0
13135.0,197,1,3096.0,1,6,0
12571.0,40,2,519.61,5,0,0
13495.0,8,5,2044.8700000000001,5,0,0
17572.0,71,4,226.75000000000003,5,0,0
14092.0,8,14,4076.91,0,0,0
15618.0,33,4,776.851,5,0,0
13023.0,64,2,689.9,5,0,0
17569.0,332,1,344.14,3,3,0
16444.0,46,4,654.67,5,0,0
14958.0,147,3,499.68,1,6,0
12530.0,60,4,1662.28,5,0,0
15243.0,74,1,316.68,5,0,0
16206.0,55,4,537.0600000000001,5,0,0
14748.0,29,5,1415.75,5,0,0
17542.0,270,1,170.75,3,3,0
12596.0,51,2,618.27,5,0,0
15802.0,143,1,451.42,1,6,0
15211.0,60,2,894.4100000000001,5,0,0
12365.0,291,2,641.38,3,3,0
16549.0,10,10,4154.64,0,0,0
13448.0,17,6,3539.37,5,0,0
17682.0,10,6,2474.33,5,0,0
15955.0,24,14,4416.26,0,0,0
12613.0,57,5,3344.38,5,0,0
17850.0,372,34,5391.21,6,1,-1
17725.0,16,11,3439.08,0,0,0
15292.0,201,1,180.94,1,6,0
17648.0,61,4,1797.5,5,0,0
12603.0,22,1,739.1999999999999,5,0,0
12646.0,5,2,1346.97,5,0,0
14950.0,19,1,371.2,5,0,0
16998.0,150,4,295.0,1,6,0
13121.0,269,1,283.73,3,3,0
14341.0,45,8,2182.28,0,0,0
16134.0,22,2,618.09,5,0,0
16849.0,187,1,124.57,1,6,0
13771.0,64,4,2634.45,5,0,0
15287.0,22,2,486.69,5,0,0
12977.0,156,1,39.239999999999995,1,6,0
17555.0,20,2,483.26,5,0,0
17958.0,117,1,508.4599999999999,1,6,0
14050.0,32,2,746.36,5,0,0
14184.0,67,1,452.89,5,0,0
12849.0,31,2,1050.8899999999999,5,0,0
16358.0,1,4,2027.5,5,0,0
14903.0,21,5,2810.63,5,0,0
16952.0,109,2,167.61,1,6,0
13116.0,138,1,501.14,1,6,0
15870.0,33,1,354.09000000000003,5,0,0
18172.0,15,20,7561.68,0,1,0
15419.0,25,1,135.86,5,0,0
16583.0,374,1,233.45,3,3,0
15571.0,12,4,650.4300000000001,5,0,0
14569.0,1,1,227.39,5,0,0
14817.0,200,2,1110.34,1,6,0
12667.0,58,1,620.13,5,0,0
16080.0,82,2,217.16,5,0,0
13672.0,301,2,186.39000000000001,3,3,0
14421.0,57,2,813.11,5,0,0
14107.0,52,7,2703.23,5,0,0
16096.0,264,1,320.62,3,3,0
17500.0,17,3,1138.0,5,0,0
16584.0,80,2,936.08,5,0,0
13311.0,4,2,598.57,5,0,0
16881.0,67,1,432.0,5,0,0
15372.0,137,1,2007.3999999999999,1,6,0
17358.0,303,2,365.85,3,3,0
17759.0,17,3,834.99,5,0,0
14881.0,20,1,255.4,5,0,0
13589.0,15,2,379.65,5,0,0
15753.0,305,1,79.2,3,3,0
16620.0,4,2,178.96,5,0,0
14067.0,64,2,374.7,5,0,0
16858.0,369,1,375.69000000000005,3,3,0
14768.0,17,2,192.60000000000002,5,0,0
13451.0,26,5,2976.15,5,0,0
15100.0,334,3,876.0,3,3,0
17114.0,6,8,808.62,0,0,0
13486.0,78,3,1122.41,5,0,0
17580.0,253,3,215.72,3,3,0
18101.0,11,2,223.65,5,0,0
15985.0,123,2,1142.42,1,6,0
15467.0,9,3,524.88,5,0,0
17347.0,86,1,228.96,5,0,0
17188.0,11,7,2474.23,0,0,0
14148.0,234,1,157.2,3,3,0
16761.0,97,1,316.62,1,0,0
13989.0,66,2,1266.08,5,0,0
18053.0,71,1,300.02,5,0,0
17928.0,45,2,212.54,5,0,0
14145.0,47,4,3742.2,5,0,0
12724.0,5,4,1031.41,5,0,0
15813.0,208,2,1303.9099999999999,1,6,0
14428.0,7,5,1244.83,5,0,0
17898.0,85,2,152.06,5,0,0
15758.0,25,1,205.25,5,0,0
15852.0,187,2,160.71,1,6,0
14530.0,26,6,2925.91,5,0,0
16218.0,30,7,3084.68,0,0,0
16985.0,17,10,5464.12,0,0,0
13508.0,244,1,110.97,3,3,0
14379.0,44,2,348.1,5,0,0
13373.0,61,3,3312.25,5,0,0
15604.0,52,1,216.39,5,0,0
12990.0,31,3,409.5,5,0,0
13603.0,26,1,164.34,5,0,0
13593.0,108,5,2037.0800000000002,1,6,0
13291.0,156,1,361.11,1,6,0
14873.0,210,1,519.68,1,6,0
13808.0,6,5,1747.66,5,0,0
12446.0,58,1,1002.3100000000001,5,0,0
16668.0,15,6,306.71999999999997,5,0,0
14934.0,82,2,1890.94,5,0,0
14682.0,188,2,52.0,1,6,0
14175.0,60,3,3222.3,5,0,0
13668.0,3,21,6363.59,0,1,0
14090.0,325,1,76.32000000000001,3,3,0
14687.0,107,1,628.38,1,6,0
12673.0,5,2,610.52,5,0,0
12802.0,187,1,427.58,1,6,0
13772.0,34,3,1132.13,5,0,0
17698.0,261,1,154.95,3,3,0
18184.0,15,1,49.8,5,0,0
16348.0,32,7,1469.45,5,0,0
13755.0,4,9,2161.35,0,0,0
13266.0,11,12,3834.2599999999998,0,0,0
14583.0,6,5,1052.55,5,0,0
12772.0,60,1,892.47,5,0,0
13485.0,233,1,454.24,3,3,0
13581.0,309,1,118.0,3,3,0
17278.0,241,1,246.04,3,3,0
15249.0,32,13,6688.46,0,0,0
13411.0,107,1,213.55,1,6,0
13471.0,1,4,2531.58,5,0,0
13560.0,7,1,174.37,5,0,0
14860.0,19,1,170.32,5,0,0
15775.0,245,1,104.9,3,3,0
17365.0,13,8,4801.56,0,0,0
16422.0,17,51,34684.4,6,1,-1
16445.0,34,1,230.51,5,0,0
15796.0,1,8,2711.56,0,0,0
13924.0,2,6,1838.8500000000001,5,0,0
16904.0,4,16,3754.27,0,0,0
16739.0,177,1,323.0,1,6,0
15256.0,149,1,98.45,1,6,0
12582.0,239,2,511.36,3,3,0
14040.0,41,12,3614.92,0,0,0
13606.0,29,3,280.53999999999996,5,0,0
18087.0,98,2,4055.7199999999993,1,0,0
18018.0,108,2,122.14,1,6,0
16676.0,34,4,1592.1200000000001,5,0,0
13576.0,10,18,6717.34,0,1,0
17956.0,249,1,12.75,3,3,0
13017.0,7,1,204.0,5,0,0
12524.0,9,8,4485.72,0,0,0
15428.0,15,1,93.78,5,0,0
16464.0,20,3,1314.68,5,0,0
16846.0,50,1,214.32,5,0,0
17758.0,19,8,3456.7000000000003,0,0,0
13313.0,22,5,1555.32,5,0,0
12798.0,10,3,6977.04,5,0,0
15212.0,241,1,101.8,3,3,0
14436.0,99,1,89.06,1,0,0
15426.0,19,5,1447.39,5,0,0
16752.0,373,1,207.5,3,3,0
13533.0,183,3,270.79,1,6,0
15808.0,306,4,3734.9700000000003,3,3,0
13504.0,64,1,295.93,5,0,0
13551.0,319,1,91.80000000000001,3,3,0
16389.0,53,4,1382.07,5,0,0
15223.0,226,2,755.75,3,3,0
13510.0,1,4,1791.56,5,0,0
15090.0,308,1,381.32,3,3,0
16037.0,270,3,855.02,3,3,0
17854.0,185,2,311.26,1,6,0
12561.0,303,1,238.85,3,3,0
14821.0,367,1,48.800000000000004,3,3,0
16536.0,110,1,548.97,1,6,0
12472.0,32,7,6572.11,0,0,0
17947.0,37,1,176.68,5,0,0
15785.0,33,5,2328.9700000000003,5,0,0
16647.0,170,2,214.06,1,6,0
16756.0,215,1,239.4,1,6,0
12464.0,10,8,1212.05,0,0,0
14349.0,10,1,133.5,5,0,0
14226.0,29,5,2232.19,5,0,0
12350.0,310,1,334.4,3,3,0
12936.0,17,4,1063.9,5,0,0
13866.0,74,1,145.67000000000002,5,0,0
13918.0,50,2,1212.8400000000001,5,0,0
18074.0,374,1,489.6,3,3,0
17946.0,233,2,149.57999999999998,3,3,0
12581.0,40,1,197.71,5,0,0
16780.0,100,2,425.19,1,0,0
17719.0,38,15,5396.04,0,0,0
13925.0,93,4,678.25,5,6,0
18263.0,26,3,1213.1599999999999,5,0,0
13398.0,192,1,457.34,1,6,0
16098.0,88,7,2005.63,5,0,0
16405.0,302,2,167.25,3,3,0
17613.0,23,14,4559.150000000001,0,0,0
14532.0,236,4,932.85,3,3,0
14804.0,9,1,353.27,5,0,0
16160.0,65,2,1025.44,5,0,0
14277.0,15,3,4216.2,5,0,0
14295.0,40,1,166.20000000000002,5,0,0
16856.0,15,1,35.400000000000006,5,0,0
13263.0,1,35,7454.07,6,1,0
18106.0,330,1,430.7,3,3,0
13630.0,5,7,2031.78,0,0,0
17843.0,303,1,205.48,3,3,0
17173.0,5,8,3766.6,0,0,0
15593.0,71,1,199.8,5,0,0
15984.0,3,10,2837.67,0,0,0
14830.0,53,1,197.13,5,0,0
13492.0,136,3,1269.84,1,6,0
17510.0,25,1,308.48,5,0,0
16105.0,249,1,336.96,3,3,0
13357.0,257,1,609.95,3,3,0
14760.0,297,1,89.2,3,3,0
16104.0,62,1,302.36,5,0,0
13317.0,66,6,2273.68,5,0,0
14813.0,370,2,155.43,3,3,0
14716.0,43,2,329.68,5,0,0
17701.0,253,1,417.95,3,3,0
14664.0,20,2,637.89,5,0,0
12837.0,173,1,134.1,1,6,0
18228.0,57,2,779.9,5,0,0
12450.0,156,2,197.88,1,6,0
17925.0,373,1,244.08,3,3,0
12438.0,14,2,2906.85,5,0,0
14218.0,43,1,169.48000000000002,5,0,0
15014.0,43,2,260.17,5,0,0
13507.0,3,4,2479.16,5,0,0
16967.0,189,1,319.02,1,6,0
15325.0,104,1,162.29,1,6,0
16906.0,82,4,579.77,5,6,0
13491.0,52,10,1215.82,0,0,0
12731.0,24,12,18895.91,0,0,0
13601.0,45,2,693.32,5,0,0
15503.0,363,1,147.09,3,3,0
14167.0,39,4,574.84,5,0,0
17503.0,3,2,558.96,5,0,0
15447.0,331,1,155.17,3,3,0
12948.0,16,7,2064.95,0,0,0
14847.0,149,1,309.4,1,6,0
17232.0,3,2,421.52,5,0,0
17737.0,9,2,168.24,5,0,0
12662.0,1,11,3849.78,0,0,0
14150.0,36,2,658.64,5,0,0
15253.0,16,5,918.1999999999999,5,0,0
13707.0,267,2,806.41,3,3,0
12455.0,73,6,2466.86,5,0,0
12553.0,8,10,3692.28,0,0,0
17566.0,8,2,901.21,5,0,0
16216.0,267,1,914.9300000000001,3,3,0
17364.0,1,11,4481.18,0,0,0
15623.0,141,1,301.03,1,6,0
14329.0,17,7,5014.84,0,0,0
15267.0,22,5,1717.36,5,0,0
14044.0,27,4,652.82,5,0,0
17779.0,21,3,658.57,5,0,0
13070.0,192,1,228.8,1,6,0
17385.0,15,1,261.11,5,0,0
14143.0,134,1,115.8,1,6,0
15994.0,55,1,427.07,5,0,0
16986.0,30,2,1873.2,5,0,0
18016.0,32,5,1483.56,5,0,0
15042.0,199,1,135.93,1,6,0
18133.0,212,1,931.4999999999999,1,6,0
15043.0,31,1,537.0,5,0,0
14705.0,199,1,179.0,1,6,0
13049.0,64,2,656.6800000000001,5,0,0
12354.0,232,1,1079.4,3,3,0
18102.0,1,60,259657.3,2,5,-1
16652.0,59,7,6773.97,0,0,0
15507.0,172,1,492.36,1,6,0
17461.0,23,3,757.46,5,0,0
13876.0,64,1,122.7,5,0,0
18218.0,211,2,662.08,1,6,0
15225.0,234,1,409.40000000000003,3,3,0
12728.0,71,4,836.33,5,0,0
12449.0,22,4,4067.29,5,0,0
16573.0,85,2,663.61,5,0,0
14639.0,52,6,2984.49,5,0,0
12492.0,63,2,263.21000000000004,5,0,0
13743.0,3,7,1341.6,0,0,0
15996.0,88,6,1060.68,5,0,0
13359.0,64,1,439.56,5,0,0
13153.0,6,1,486.22,5,0,0
12500.0,23,11,4257.82,0,0,0
16495.0,3,3,684.41,5,0,0
16462.0,74,3,136.0,5,0,0
13460.0,29,2,183.44,5,0,0
17957.0,66,1,111.68,5,0,0
13748.0,96,5,948.25,5,6,0
13519.0,78,1,122.75,5,0,0
14517.0,33,2,330.45,5,0,0
13161.0,313,1,112.75,3,3,0
15087.0,282,1,306.94,3,3,0
13517.0,60,3,2128.42,5,0,0
18287.0,43,3,1837.28,5,0,0
13092.0,71,5,477.83,5,0,0
15676.0,19,3,3435.76,5,0,0
17747.0,113,1,71.4,1,6,0
15644.0,166,4,813.0,1,6,0
13938.0,35,1,71.66,5,0,0
12386.0,338,2,401.9,3,3,0
13426.0,1,10,3641.32,0,0,0
15839.0,33,3,1048.49,5,0,0
15506.0,23,3,979.26,5,0,0
17744.0,4,6,2322.4,5,0,0
18178.0,129,4,1590.81,1,6,0
13745.0,162,1,300.04,1,6,0
18006.0,23,1,444.68,5,0,0
16713.0,19,15,6923.13,0,0,0
14457.0,311,1,113.64,3,3,0
17796.0,40,4,697.9,5,0,0
14491.0,175,2,340.93,1,6,0
14753.0,87,1,563.15,5,0,0
15782.0,10,3,2614.7400000000002,5,0,0
14870.0,262,1,327.25,3,3,0
13441.0,92,1,296.64,5,0,0
14466.0,29,7,2272.4,0,0,0
15384.0,170,2,642.41,1,6,0
18112.0,12,2,352.69,5,0,0
16885.0,15,3,471.51,5,0,0
14592.0,35,3,570.46,5,0,0
15570.0,7,12,4165.52,0,0,0
14441.0,1,4,1712.89,5,0,0
14714.0,24,1,160.19,5,0,0
17604.0,217,2,309.36,1,6,0
12643.0,128,6,3344.64,1,6,0
15821.0,44,2,570.96,5,0,0
13131.0,23,3,1073.3,5,0,0
13236.0,25,2,744.85,5,0,0
15421.0,59,4,950.36,5,0,0
17512.0,29,10,2924.9900000000002,0,0,0
13192.0,95,2,911.94,5,0,0
15903.0,10,7,5126.76,0,0,0
17082.0,33,2,2003.85,5,0,0
13835.0,25,4,834.57,5,0,0
14515.0,18,6,2102.09,5,0,0
15510.0,331,1,250.0,3,3,0
16330.0,18,3,251.91,5,0,0
14747.0,249,1,328.2,3,3,0
13962.0,22,2,169.55,5,0,0
17230.0,264,8,3638.41,3,6,0
13467.0,11,2,1083.71,5,0,0
17597.0,214,1,2044.3700000000001,1,6,0
17035.0,246,2,433.53000000000003,3,3,0
12991.0,23,2,503.76,5,0,0
16509.0,297,1,363.7,3,3,0
17351.0,36,3,587.15,5,0,0
17480.0,78,1,511.82,5,0,0
16681.0,73,6,1770.34,5,0,0
14715.0,25,4,867.38,5,0,0
14449.0,19,4,907.1,5,0,0
15759.0,218,3,253.04,1,6,0
17630.0,170,2,503.59999999999997,1,6,0
17377.0,24,20,4100.92,0,1,0
16638.0,23,10,1680.72,0,0,0
18251.0,87,1,4314.72,5,0,0
14448.0,9,2,375.35,5,0,0
17926.0,133,2,397.29,1,6,0
14342.0,21,4,668.5600000000001,5,0,0
16930.0,26,3,380.55,5,0,0
12722.0,85,4,997.63,5,6,0
17324.0,18,4,990.23,5,0,0
14093.0,12,1,442.85,5,0,0
15661.0,317,2,309.8,3,3,0
15031.0,4,4,668.14,5,0,0
12929.0,312,1,117.85,3,3,0
13230.0,4,14,2806.97,0,0,0
13034.0,55,2,642.77,5,0,0
16976.0,267,1,251.51999999999998,3,3,0
17891.0,162,1,203.85999999999999,1,6,0
15356.0,31,10,2766.5,0,0,0
13685.0,3,7,3119.44,0,0,0
15658.0,190,5,1024.1000000000001,1,6,0
17866.0,143,1,329.65,1,6,0
14907.0,3,7,3501.1,0,0,0
16905.0,5,7,3102.43,0,0,0
15195.0,3,1,3861.0,5,0,0
14108.0,31,2,597.91,5,0,0
12383.0,185,5,1850.56,1,6,0
13512.0,261,1,251.21,3,3,0
15700.0,172,2,696.68,1,6,0
18015.0,4,1,120.03,5,0,0
16101.0,71,1,1290.7,5,0,0
17361.0,49,3,488.2,5,0,0
13527.0,34,7,2287.51,0,0,0
13623.0,31,5,747.78,5,0,0
16759.0,8,3,789.79,5,0,0
12415.0,24,21,124914.53,2,2,-1
18138.0,295,1,152.65,3,3,0
18246.0,24,2,596.1,5,0,0
14644.0,68,2,830.76,5,0,0
14731.0,47,3,380.02,5,0,0
16948.0,139,3,435.02,1,6,0
18059.0,23,3,306.46,5,0,0
13497.0,283,2,348.05,3,3,0
14415.0,1,13,5900.28,0,0,0
15607.0,337,1,104.76,3,3,0
17692.0,127,4,740.9399999999999,1,6,0
16968.0,4,2,439.43,5,0,0
15374.0,129,1,168.0,1,6,0
16461.0,178,1,151.42,1,6,0
15531.0,8,2,2007.44,5,0,0
14315.0,45,6,2481.13,5,0,0
14188.0,31,6,2054.36,5,0,0
12723.0,4,5,725.07,5,0,0
17835.0,3,3,350.64,5,0,0
14601.0,11,1,213.96,5,0,0
15028.0,8,4,627.13,5,0,0
16957.0,239,2,416.64,3,3,0
13509.0,9,7,979.72,0,0,0
15301.0,51,12,5070.35,0,0,0
13474.0,236,1,229.59,3,3,0
18212.0,326,1,248.42,3,3,0
17596.0,23,7,2827.93,0,0,0
18222.0,93,1,443.0,5,0,0
12947.0,144,6,1603.99,1,6,0
12738.0,372,1,155.35,3,3,0
13862.0,18,8,2209.36,0,0,0
16732.0,32,1,603.75,5,0,0
17634.0,36,9,2361.9700000000003,0,0,0
16054.0,145,1,783.9,1,6,0
12845.0,267,4,354.09,3,3,0
15938.0,112,5,404.58,1,6,0
17659.0,17,12,2999.46,0,0,0
15074.0,105,1,748.87,1,6,0
15004.0,147,1,1246.32,1,6,0
18068.0,289,1,101.69999999999999,3,3,0
16927.0,116,3,543.05,1,6,0
18120.0,214,1,111.15,1,6,0
16835.0,128,2,180.85,1,6,0
17462.0,60,2,675.69,5,0,0
17396.0,39,8,7330.8,0,0,0
13505.0,73,4,4393.63,5,0,0
14972.0,128,1,114.77,1,6,0
14818.0,74,3,657.8,5,0,0
15252.0,36,2,740.78,5,0,0
16557.0,24,2,281.85,5,0,0
17961.0,21,39,1296.44,6,1,0
14054.0,65,1,92.46,5,0,0
12834.0,283,1,312.38,3,3,0
12421.0,16,4,807.04,5,0,0
13873.0,120,3,389.6,1,6,0
12399.0,119,4,1108.65,1,6,0
12812.0,45,1,229.64000000000001,5,0,0
15171.0,331,1,1289.5,3,3,0
15463.0,29,1,126.14,5,0,0
17265.0,139,2,562.9,1,6,0
14948.0,23,6,1101.97,5,0,0
13244.0,93,1,121.74000000000001,5,0,0
14418.0,4,3,1937.25,5,0,0
16781.0,372,1,311.25,3,3,0
17022.0,31,1,71.0,5,0,0
13652.0,46,3,1095.08,5,0,0
15108.0,142,4,1300.25,1,6,0
16479.0,10,2,300.83,5,0,0
17802.0,82,3,1285.04,5,0,0
16419.0,113,6,972.23,1,6,0
13854.0,9,25,8109.5199999999995,6,1,0
14005.0,10,5,2874.72,5,0,0
15625.0,104,4,1534.26,1,6,0
16409.0,36,5,2028.88,5,0,0
16097.0,240,1,185.04999999999998,3,3,0
13850.0,129,1,1595.48,1,6,0
17936.0,5,1,389.84,5,0,0
17340.0,30,11,12353.29,0,0,0
17263.0,208,1,63.440000000000005,1,6,0
15140.0,52,7,2354.25,5,0,0
12395.0,19,12,3018.63,0,0,0
12497.0,82,1,1043.1,5,0,0
14451.0,60,2,662.59,5,0,0
13126.0,5,8,2099.64,0,0,0
15543.0,288,1,127.86,3,3,0
13806.0,64,1,256.38,5,0,0
13428.0,10,1,218.47,5,0,0
15522.0,33,2,398.84,5,0,0
15078.0,7,32,9743.11,6,1,0
15149.0,134,1,520.8000000000001,1,6,0
14784.0,26,2,289.99,5,0,0
13599.0,1,21,5153.67,0,1,0
15164.0,69,3,843.05,5,0,0
13211.0,10,3,1197.42,5,0,0
16186.0,23,12,4006.94,0,0,0
16956.0,18,1,308.74,5,0,0
17034.0,16,3,745.52,5,0,0
12645.0,34,4,1775.18,5,0,0
16208.0,45,2,664.26,5,0,0
17582.0,236,1,175.27,3,3,0
14619.0,246,1,394.44,3,3,0
14779.0,281,3,386.15,3,3,0
17931.0,134,2,408.36,1,6,0
16297.0,269,1,301.9,3,3,0
16643.0,246,1,487.51,3,3,0
16923.0,12,19,7247.61,0,1,0
17507.0,262,2,605.58,3,3,0
13137.0,11,8,3650.41,0,0,0
13479.0,201,2,300.95,1,6,0
17142.0,239,1,579.0,3,3,0
16624.0,81,2,810.5699999999999,5,0,0
16112.0,143,4,195.73999999999998,1,6,0
17162.0,29,10,1715.46,0,0,0
18164.0,37,1,399.65000000000003,5,0,0
16302.0,127,1,233.22,1,6,0
14565.0,96,4,3099.12,5,6,0
17600.0,18,1,161.67000000000002,5,0,0
16474.0,7,7,1871.5,0,0,0
17739.0,12,7,2791.35,0,0,0
14698.0,2,5,1250.76,5,0,0
13994.0,4,6,2313.14,5,0,0
13642.0,216,1,354.8,1,6,0
15136.0,3,4,1286.7,5,0,0
13338.0,158,1,487.02,1,6,0
17227.0,19,6,939.32,5,0,0
17828.0,23,4,1820.09,5,0,0
15815.0,64,5,2100.6,5,0,0
14785.0,10,2,77.4,5,0,0
18150.0,32,3,566.58,5,0,0
15300.0,64,1,496.44,5,0,0
16431.0,213,3,642.81,1,6,0
17700.0,17,4,2534.64,5,0,0
13249.0,92,3,711.41,5,0,0
17761.0,33,1,712.78,5,0,0
15279.0,355,1,290.51,3,3,0
15381.0,214,2,596.85,1,6,0
18257.0,39,8,2337.63,0,0,0
15900.0,24,1,351.11,5,0,0
17306.0,11,19,8631.31,0,1,0
17667.0,66,5,2055.51,5,0,0
14397.0,3,19,2612.96,0,1,0
12697.0,29,3,957.59,5,0,0
15048.0,65,4,384.05,5,0,0
15609.0,184,1,298.48,1,6,0
15449.0,26,3,974.52,5,0,0
17650.0,21,1,166.08,5,0,0
14624.0,57,2,225.85,5,0,0
16393.0,2,13,3046.21,0,0,0
13781.0,251,1,127.84,3,3,0
14013.0,110,3,473.02,1,6,0
18105.0,38,1,113.48000000000002,5,0,0
18035.0,36,3,730.4,5,0,0
17887.0,129,1,111.35,1,6,0
17330.0,23,2,363.9,5,0,0
17483.0,65,3,414.04,5,0,0
17085.0,123,5,1566.65,1,6,0
17311.0,78,2,1384.85,5,0,0
13065.0,373,1,205.86,3,3,0
13681.0,18,4,827.83,5,0,0
16359.0,7,9,1750.92,0,0,0
14910.0,3,4,434.35,5,0,0
14959.0,64,4,695.42,5,0,0
15132.0,18,5,977.9300000000001,5,0,0
14423.0,218,1,265.2,1,6,0
13751.0,288,1,296.25,3,3,0
12650.0,3,1,314.44,5,0,0
16339.0,284,1,109.95,3,3,0
15127.0,66,1,406.53,5,0,0
16852.0,10,2,144.91000000000003,5,0,0
15773.0,6,1,635.6800000000001,5,0,0
16825.0,39,2,775.1800000000001,5,0,0
17458.0,15,1,316.5,5,0,0
16719.0,15,7,1790.42,0,0,0
13177.0,65,1,282.45,5,0,0
14477.0,20,4,1309.6,5,0,0
14035.0,29,5,1428.02,5,0,0
16979.0,4,6,1852.0,5,0,0
12578.0,21,2,2794.51,5,0,0
15819.0,49,4,1905.45,5,0,0
13080.0,179,1,58.08,1,6,0
16211.0,89,1,547.02,5,0,0
16644.0,178,2,833.78,1,6,0
18151.0,135,2,653.35,1,6,0
12451.0,11,5,9035.52,0,0,0
16529.0,190,1,455.25,1,6,0
16232.0,44,4,990.88,5,0,0
14700.0,32,3,2235.3,5,0,0
15083.0,257,1,88.2,3,3,0
12508.0,26,2,398.27,5,0,0
12784.0,9,2,574.42,5,0,0
12484.0,33,6,4541.72,5,0,0
17255.0,41,2,298.41,5,0,0
14386.0,297,1,142.4,3,3,0
16765.0,294,1,34.0,3,3,0
16316.0,64,8,2938.91,0,0,0
15298.0,2,12,4799.9,0,0,0
13295.0,360,1,201.20000000000002,3,3,0
13141.0,85,5,2388.75,5,0,0
18036.0,32,3,405.62,5,0,0
15052.0,319,1,215.78,3,3,0
16778.0,74,2,245.94,5,0,0
18050.0,359,1,74.4,3,3,0
16233.0,71,3,536.6800000000001,5,0,0
14216.0,3,4,1839.3,5,0,0
13753.0,288,1,741.26,3,3,0
12569.0,2,32,4124.69,6,1,0
18169.0,61,1,202.65,5,0,0
17078.0,36,2,378.2,5,0,0
15366.0,75,2,602.51,5,0,0
15573.0,32,2,607.45,5,0,0
12814.0,102,1,125.92,1,6,0
13489.0,105,4,449.52,1,6,0
14782.0,320,1,200.10000000000002,3,3,0
14733.0,16,12,9585.91,0,0,0
14291.0,2,11,3883.25,0,0,0
13043.0,273,1,516.42,3,3,0
14719.0,2,5,1602.13,5,0,0
17615.0,130,3,329.6,1,6,0
14338.0,161,2,588.22,1,6,0
14027.0,61,1,104.82,5,0,0
12720.0,3,25,5781.73,6,1,0
12434.0,85,2,806.14,5,0,0
17838.0,27,5,2779.3,5,0,0
17736.0,9,3,377.44,5,0,0
16571.0,27,3,1421.69,5,0,0
13532.0,34,1,210.31,5,0,0
15101.0,9,2,317.53,5,0,0
16940.0,52,3,3049.88,5,0,0
16025.0,30,1,439.65999999999997,5,0,0
13429.0,11,4,1006.8,5,0,0
18037.0,154,6,70.02,1,6,0
16593.0,51,3,330.03,5,0,0
12504.0,18,2,482.04999999999995,5,0,0
12483.0,17,8,2484.98,0,0,0
13157.0,49,4,1741.22,5,0,0
13001.0,4,13,9818.82,0,0,0
15969.0,3,3,666.1,5,0,0
12817.0,281,1,166.04,3,3,0
13974.0,49,1,413.59000000000003,5,0,0
16424.0,191,1,133.56,1,6,0
14032.0,2,11,2975.59,0,0,0
15781.0,25,3,345.46,5,0,0
17865.0,31,20,10526.32,6,1,0
16253.0,67,2,3683.86,5,0,0
15933.0,21,3,1107.46,5,0,0
14368.0,320,1,155.0,3,3,0
16442.0,2,3,616.79,5,0,0
12468.0,188,2,729.5400000000001,1,6,0
16430.0,57,1,300.85,5,0,0
14235.0,75,5,3144.86,5,0,0
15236.0,299,1,321.05,3,3,0
13837.0,212,2,271.24,1,6,0
12709.0,15,15,9736.52,0,0,0
14508.0,22,2,276.42,5,0,0
15777.0,241,4,1047.11,3,3,0
14640.0,24,6,2125.08,5,0,0
12623.0,276,1,305.1,3,3,0
15602.0,8,9,1297.8700000000001,0,0,0
17871.0,205,1,155.9,1,6,0
12676.0,25,6,1331.39,5,0,0
17059.0,30,5,3095.04,5,0,0
15469.0,50,2,538.55,5,0,0
13437.0,14,7,3408.06,0,0,0
13048.0,14,4,1835.91,5,0,0
16083.0,101,2,1317.62,1,0,0
13160.0,22,1,91.8,5,0,0
14623.0,32,5,889.25,5,0,0
13972.0,71,2,190.25,5,0,0
13568.0,173,1,192.85,1,6,0
14889.0,336,1,135.9,3,3,0
15456.0,283,3,447.22,3,3,0
17449.0,2,7,2520.86,0,0,0
17433.0,88,1,303.15999999999997,5,0,0
13004.0,12,18,5655.91,0,1,0
16361.0,10,4,896.66,5,0,0
13218.0,127,1,62.63999999999999,1,6,0
13358.0,269,1,439.03,3,3,0
17690.0,30,15,4757.95,0,0,0
14586.0,277,1,237.36,3,3,0
14034.0,22,3,651.8199999999999,5,0,0
15272.0,57,2,721.94,5,0,0
17757.0,1,30,5605.29,6,1,0
13883.0,11,5,2674.48,5,0,0
12644.0,130,1,477.91,1,6,0
15810.0,79,4,1391.98,5,0,0
13880.0,21,13,3219.77,0,0,0
17908.0,374,1,243.28,3,3,0
13389.0,11,3,797.96,5,0,0
17797.0,22,3,780.43,5,0,0
12766.0,4,7,6989.63,0,0,0
15789.0,358,1,351.3,3,3,0
16980.0,255,2,1078.96,3,3,0
15804.0,1,13,4206.39,0,0,0
16122.0,73,4,684.4200000000001,5,0,0
15192.0,120,3,1044.32,1,6,0
14730.0,1,8,2005.06,0,0,0
14631.0,51,3,1006.98,5,0,0
17702.0,30,4,1824.37,5,0,0
12792.0,257,1,400.53999999999996,3,3,0
17584.0,7,2,1242.3,5,0,0
15264.0,64,1,393.74,5,0,0
17251.0,363,1,283.28000000000003,3,3,0
18260.0,173,6,2643.2000000000003,1,6,0
17144.0,1,2,984.57,5,0,0
18085.0,330,2,689.95,3,3,0
13309.0,7,5,1456.79,5,0,0
17450.0,8,46,194550.79,2,5,-1
17502.0,9,4,689.1,5,0,0
13777.0,1,33,25977.16,6,1,-1
15809.0,36,5,515.77,5,0,0
17383.0,4,1,199.29,5,0,0
14824.0,10,4,1127.71,5,0,0
16366.0,19,1,327.3,5,0,0
17629.0,6,8,1814.12,0,0,0
16609.0,15,7,5493.46,0,0,0
15254.0,127,1,300.36,1,6,0
14954.0,12,1,336.17,5,0,0
12989.0,3,15,6924.110000000001,0,0,0
17911.0,9,1,366.23,5,0,0
12611.0,52,1,1193.32,5,0,0
16384.0,90,2,584.5,5,0,0
14129.0,2,5,1123.8600000000001,5,0,0
15734.0,115,2,1339.45,1,6,0
12913.0,5,5,2483.63,5,0,0
13262.0,263,1,200.29,3,3,0
17591.0,73,7,2225.9700000000003,5,0,0
16598.0,286,1,145.04999999999998,3,3,0
16321.0,72,5,373.65000000000003,5,0,0
12901.0,9,28,17654.54,6,1,0
12473.0,29,5,3938.5499999999997,5,0,0
15068.0,46,2,553.36,5,0,0
15289.0,29,3,939.78,5,0,0
17382.0,65,1,65.4,5,0,0
17716.0,23,11,5655.99,0,0,0
16458.0,3,18,3482.7400000000002,0,1,0
17742.0,113,2,355.11,1,6,0
14473.0,74,2,234.34000000000003,5,0,0
12462.0,19,2,1189.59,5,0,0
14299.0,8,9,3965.62,0,0,0
13246.0,18,6,1987.3,5,0,0
17767.0,15,1,271.2,5,0,0
15670.0,297,1,173.05,3,3,0
12984.0,19,1,97.5,5,0,0
16187.0,32,15,6911.4400000000005,0,0,0
18272.0,3,6,3078.58,5,0,0
16996.0,30,6,1456.96,5,0,0
15435.0,22,1,149.29,5,0,0
13536.0,1,7,3448.29,0,0,0
14570.0,281,2,218.06,3,3,0
17429.0,128,3,524.9200000000001,1,6,0
17331.0,124,1,175.2,1,6,0
14951.0,79,1,311.69,5,0,0
13184.0,15,10,1701.29,0,0,0
16665.0,362,1,135.39999999999998,3,3,0
15649.0,336,2,816.0,3,3,0
15332.0,366,4,1661.06,3,3,0
15561.0,12,4,800.59,5,0,0
15680.0,9,3,1333.68,5,0,0
17475.0,79,1,194.37,5,0,0
16658.0,368,1,123.24,3,3,0
17783.0,72,2,283.47,5,0,0
12506.0,233,1,73.5,3,3,0
16796.0,89,1,305.62,5,0,0
13600.0,312,1,219.52,3,3,0
13169.0,64,2,712.88,5,0,0
13030.0,11,2,799.48,5,0,0
15405.0,189,1,349.1,1,6,0
17201.0,54,1,342.63,5,0,0
15886.0,60,1,181.09,5,0,0
13170.0,27,1,116.00999999999999,5,0,0
15448.0,313,1,494.64,3,3,0
14643.0,170,2,693.8100000000001,1,6,0
15185.0,70,1,310.62,5,0,0
15922.0,373,1,369.5,3,3,0
16248.0,62,1,152.94,5,0,0
16769.0,260,1,380.39,3,3,0
13026.0,1,5,975.36,5,0,0
17538.0,26,1,98.42,5,0,0
17545.0,43,3,645.96,5,0,0
13228.0,81,1,358.0,5,0,0
16997.0,288,3,702.0,3,3,0
12956.0,306,1,108.07,3,3,0
13675.0,151,2,486.82000000000005,1,6,0
17457.0,127,5,1737.7,1,6,0
15247.0,122,1,356.0,1,6,0
12447.0,243,1,476.49,3,3,0
17686.0,7,7,5739.46,0,0,0
15740.0,49,1,154.88,5,0,0
17920.0,4,17,4204.1,0,0,0
14416.0,22,2,490.22,5,0,0
14953.0,25,1,289.82,5,0,0
14000.0,211,1,635.66,1,6,0
14298.0,8,44,51527.3,6,2,-1
14286.0,24,3,4628.75,5,0,0
12897.0,205,2,216.5,1,6,0
12885.0,63,3,1175.22,5,0,0
15701.0,2,4,1542.14,5,0,0
12999.0,196,3,455.88,1,6,0
13068.0,10,2,344.0,5,0,0
16747.0,38,2,836.06,5,0,0
14327.0,163,1,311.65,1,6,0
14620.0,206,2,412.78000000000003,1,6,0
14896.0,205,2,468.77000000000004,1,6,0
13904.0,37,2,332.64,5,0,0
12791.0,374,1,192.60000000000002,3,3,0
14897.0,8,4,1366.38,5,0,0
15034.0,16,8,4308.61,0,0,0
15228.0,66,4,3386.71,5,0,0
16725.0,302,7,781.02,3,3,0
16292.0,122,1,302.25,1,6,0
16374.0,66,2,473.03000000000003,5,0,0
14452.0,11,2,264.44,5,0,0
14210.0,106,6,1905.8400000000001,1,6,0
12717.0,151,2,1030.98,1,6,0
17579.0,5,3,448.90000000000003,5,0,0
13901.0,72,5,2867.2,5,0,0
13341.0,261,1,775.85,3,3,0
17653.0,37,4,1207.56,5,0,0
14052.0,20,1,225.36,5,0,0
15071.0,94,2,982.07,5,0,0
13821.0,145,2,385.64,1,6,0
18224.0,264,1,158.95000000000002,3,3,0
18274.0,30,1,175.92,5,0,0
17858.0,6,12,5155.66,0,0,0
17772.0,11,2,182.77,5,0,0
16438.0,6,5,798.35,5,0,0
18255.0,89,1,103.3,5,0,0
14157.0,20,2,432.88,5,0,0
13715.0,281,5,1079.34,3,3,0
14099.0,16,11,3104.17,0,0,0
12377.0,315,2,1628.12,3,3,0
18084.0,16,1,90.47999999999999,5,0,0
14875.0,108,2,1465.3200000000002,1,6,0
13468.0,2,37,5704.97,6,1,0
13502.0,17,3,292.0,5,0,0
13516.0,21,3,1389.41,5,0,0
14689.0,209,1,112.8,1,6,0
12752.0,81,1,4366.78,5,0,0
17712.0,45,1,522.91,5,0,0
12474.0,17,18,7375.79,0,1,0
15491.0,95,6,3100.09,5,0,0
13922.0,352,1,172.25,3,3,0
13810.0,29,3,1499.01,5,0,0
15975.0,84,1,371.01,5,0,0
17671.0,16,4,1572.71,5,0,0
17732.0,373,1,303.97,3,3,0
16250.0,261,2,389.44,3,3,0
17171.0,289,1,224.91,3,3,0
14878.0,13,9,1485.54,0,0,0
14792.0,64,1,6.2,5,0,0
13823.0,19,2,957.66,5,0,0
15269.0,24,1,408.8,5,0,0
16478.0,25,3,331.0,5,0,0
14947.0,72,2,290.82,5,0,0
17447.0,40,2,541.53,5,0,0
15783.0,11,1,246.3,5,0,0
16191.0,3,13,5180.52,0,0,0
18072.0,186,1,247.44,1,6,0
17855.0,373,1,208.97,3,3,0
17991.0,225,2,93.35,3,3,0
13226.0,273,1,108.21000000000001,3,3,0
18147.0,46,2,179.33999999999997,5,0,0
12925.0,5,2,694.05,5,0,0
12444.0,21,5,5005.46,5,0,0
17674.0,74,2,551.04,5,0,0
15589.0,256,3,478.53000000000003,3,3,0
15119.0,246,1,266.4,3,3,0
16597.0,4,1,90.04,5,0,0
16457.0,218,1,208.36,1,6,0
17169.0,58,2,835.78,5,0,0
17071.0,28,9,2429.03,0,0,0
17243.0,1,26,8676.85,6,1,0
14666.0,24,1,195.25,5,0,0
14055.0,106,1,725.6400000000001,1,6,0
14128.0,61,2,637.5,5,0,0
14132.0,2,11,3586.0299999999997,0,0,0
15847.0,38,2,389.27,5,0,0
18168.0,176,6,1169.94,1,6,0
12346.0,326,1,77183.6,6,2,-1
13814.0,92,2,1579.12,5,0,0
16836.0,40,2,251.87,5,0,0
16914.0,36,1,208.46,5,0,0
14438.0,306,1,131.9,3,3,0
16147.0,134,1,375.0,1,6,0
12756.0,87,1,112.07999999999998,5,0,0
17760.0,22,2,287.59,5,0,0
15265.0,151,2,1506.1200000000001,1,6,0
13871.0,23,13,6403.25,0,0,0
13927.0,75,1,348.99,5,0,0
17426.0,8,6,5037.26,0,0,0
18273.0,2,3,204.0,5,0,0
16642.0,5,2,688.33,5,0,0
16907.0,29,5,981.65,5,0,0
13352.0,60,1,397.97999999999996,5,0,0
13212.0,20,3,788.08,5,0,0
13877.0,86,1,117.24,5,0,0
12585.0,234,2,2040.1,3,3,0
16352.0,18,2,494.44,5,0,0
16696.0,135,4,657.9000000000001,1,6,0
15891.0,227,1,524.52,3,3,0
16558.0,1,20,8338.49,0,1,0
14820.0,21,4,507.29,5,0,0
13639.0,74,1,1033.34,5,0,0
13868.0,7,2,3192.54,5,0,0
15189.0,1,41,16225.39,6,1,0
15326.0,334,1,311.71,3,3,0
12793.0,335,2,545.48,3,3,0
13680.0,1,4,3722.42,5,0,0
14662.0,29,4,771.17,5,0,0
13955.0,154,2,322.96,1,6,0
13712.0,247,1,228.84,3,3,0
18040.0,19,2,357.20000000000005,5,0,0
18019.0,52,1,38.45,5,0,0
17299.0,12,4,669.11,5,0,0
14825.0,4,12,2226.91,0,0,0
15026.0,80,3,469.0,5,0,0
17049.0,3,9,5659.9800000000005,0,0,0
17859.0,305,1,148.21,3,3,0
15179.0,18,5,2206.95,5,0,0
13865.0,58,4,501.56,5,0,0
15370.0,41,7,2386.05,0,0,0
16363.0,53,1,109.36000000000001,5,0,0
16141.0,88,1,620.4,5,0,0
16434.0,29,7,1522.25,0,0,0
12454.0,56,1,3528.34,5,0,0
12477.0,23,6,13219.74,0,0,0
14555.0,57,2,324.14,5,0,0
12521.0,143,1,599.68,1,6,0
12702.0,20,1,219.0,5,0,0
18064.0,133,2,814.0,1,6,0
12626.0,23,9,6620.48,0,0,0
14585.0,50,1,157.05,5,0,0
15210.0,225,1,331.18,3,3,0
17611.0,7,15,3984.22,0,0,0
14056.0,1,23,8214.65,6,1,0
13900.0,183,3,740.95,1,6,0
18226.0,44,11,5228.05,0,0,0
18161.0,15,5,1618.69,5,0,0
15904.0,8,1,164.68,5,0,0
17109.0,29,6,885.04,5,0,0
13752.0,124,6,1186.28,1,6,0
13792.0,66,2,195.55,5,0,0
14549.0,311,1,289.24,3,3,0
18160.0,57,2,638.0600000000001,5,0,0
17977.0,29,1,288.14,5,0,0
17007.0,51,6,889.9300000000001,5,0,0
14594.0,7,2,379.83,5,0,0
13058.0,25,3,271.40000000000003,5,0,0
16249.0,53,5,1800.07,5,0,0
15007.0,159,1,156.91,1,6,0
17791.0,30,1,106.1,5,0,0
12465.0,17,2,742.1899999999999,5,0,0
14121.0,4,4,2780.15,5,0,0
15424.0,254,2,383.34,3,3,0
14725.0,25,1,718.08,5,0,0
16892.0,1,5,525.54,5,0,0
14233.0,49,4,1462.72,5,0,0
14014.0,77,1,505.18,5,0,0
15708.0,41,7,3364.2400000000002,0,0,0
13268.0,18,11,3214.69,0,0,0
17770.0,199,5,1143.27,1,6,0
13418.0,12,18,6127.43,0,1,0
14757.0,75,1,420.5,5,0,0
16460.0,28,3,814.72,5,0,0
16833.0,1,4,1106.53,5,0,0
15047.0,270,1,343.62,3,3,0
13447.0,23,3,1129.14,5,0,0
17428.0,1,28,17256.85,6,1,0
12669.0,151,3,2744.0299999999997,1,6,0
13348.0,64,1,233.76,5,0,0
12528.0,9,6,1933.48,5,0,0
16313.0,3,2,274.15000000000003,5,0,0
17672.0,50,2,3178.17,5,0,0
14485.0,39,1,165.75,5,0,0
13414.0,134,3,1390.5,1,6,0
15733.0,283,1,162.3,3,3,0
15281.0,59,9,2332.15,0,0,0
16667.0,68,2,570.13,5,0,0
13390.0,75,1,544.08,5,0,0
17819.0,72,7,3704.87,5,0,0
13217.0,122,3,533.98,1,6,0
13695.0,31,15,2504.13,0,0,0
16183.0,67,1,338.71000000000004,5,0,0
18033.0,65,1,97.97,5,0,0
17122.0,119,1,138.32,1,6,0
17420.0,50,3,598.83,5,0,0
12755.0,281,2,3811.95,3,3,0
14645.0,157,2,597.09,1,6,0
12893.0,31,1,188.14,5,0,0
15334.0,157,3,351.67,1,6,0
13522.0,30,1,125.80000000000001,5,0,0
14049.0,17,4,5681.72,5,0,0
15111.0,29,3,1567.48,5,0,0
18202.0,200,3,1396.99,1,6,0
16811.0,5,2,547.07,5,0,0
13534.0,2,25,5870.08,6,1,0
16207.0,25,1,394.38,5,0,0
14174.0,33,1,134.46,5,0,0
16488.0,33,3,498.8,5,0,0
18081.0,36,3,343.45,5,0,0
12584.0,4,9,2338.15,0,0,0
18069.0,26,5,2036.67,5,0,0
13493.0,275,2,618.63,3,3,0
17763.0,263,1,15.0,3,3,0
13037.0,138,3,881.07,1,6,0
15392.0,5,4,1535.53,5,0,0
14420.0,99,1,387.52,1,0,0
15235.0,218,12,2247.51,1,6,0
12908.0,176,2,750.0,1,6,0
15437.0,262,1,200.16,3,3,0
13722.0,132,3,2375.41,1,6,0
14333.0,68,1,415.2,5,0,0
17704.0,169,2,885.19,1,6,0
13758.0,12,7,3190.55,0,0,0
14304.0,223,1,383.45,1,3,0
13531.0,205,2,483.8,1,6,0
12361.0,287,1,189.9,3,3,0
16688.0,1,4,1260.86,5,0,0
12775.0,17,5,1386.04,5,0,0
13929.0,169,2,842.65,1,6,0
15838.0,11,19,33643.08,6,1,-1
16376.0,9,2,987.01,5,0,0
17321.0,8,2,700.86,5,0,0
12950.0,2,3,1843.0,5,0,0
17637.0,31,2,547.0600000000001,5,0,0
13566.0,41,2,874.71,5,0,0
14622.0,185,1,320.58000000000004,1,6,0
12409.0,79,3,11072.67,5,0,0
17359.0,11,1,127.86,5,0,0
14688.0,8,21,5630.87,0,1,0
14546.0,5,5,2578.09,5,0,0
15224.0,358,2,322.08,3,3,0
17924.0,12,7,2962.5,0,0,0
13919.0,59,2,384.81,5,0,0
12612.0,74,1,704.0400000000001,5,0,0
17373.0,40,4,646.92,5,0,0
15226.0,311,1,154.41,3,3,0
15637.0,53,1,223.36,5,0,0
17974.0,25,3,740.79,5,0,0
17166.0,39,2,206.34,5,0,0
13232.0,13,7,1357.6,0,0,0
17010.0,18,1,195.36,5,0,0
12763.0,138,2,494.08,1,6,0
15062.0,71,4,987.86,5,0,0
16470.0,52,4,762.39,5,0,0
16078.0,284,1,79.2,3,3,0
14911.0,1,201,143825.06,7,7,-1
17418.0,42,2,463.46000000000004,5,0,0
15749.0,235,3,44534.3,6,2,-1
15757.0,66,2,714.42,5,0,0
12733.0,234,1,383.95,3,3,0
12833.0,145,1,417.38,1,6,0
15898.0,1,5,1388.88,5,0,0
12604.0,79,2,254.18,5,0,0
17696.0,38,8,2285.71,0,0,0
14083.0,4,9,1018.43,0,0,0
17880.0,365,1,458.92,3,3,0
14735.0,4,32,6065.69,6,1,0
15442.0,249,1,594.0,3,3,0
14272.0,74,2,437.96,5,0,0
17277.0,228,2,1065.3500000000001,3,3,0
14946.0,14,1,100.9,5,0,0
13224.0,60,2,2155.95,5,0,0
14479.0,254,2,316.25,3,3,0
16451.0,88,1,266.97,5,0,0
12633.0,59,4,2163.98,5,0,0
13709.0,4,13,6328.05,0,0,0
15110.0,24,4,996.1,5,0,0
15707.0,35,4,945.58,5,0,0
14675.0,16,1,604.75,5,0,0
12648.0,155,1,318.05,1,6,0
16513.0,5,4,874.59,5,0,0
14037.0,176,2,147.20000000000002,1,6,0
15881.0,312,5,501.39000000000004,3,3,0
15144.0,8,17,6580.44,0,1,0
17217.0,234,1,113.5,3,3,0
14729.0,374,1,313.49,3,3,0
12572.0,9,2,1020.42,5,0,0
16109.0,219,2,611.88,1,6,0
13040.0,9,2,676.99,5,0,0
14271.0,226,1,112.32,3,3,0
13611.0,89,3,1171.8,5,0,0
17274.0,35,1,111.97999999999999,5,0,0
16030.0,310,1,331.24,3,3,0
13294.0,190,2,873.74,1,6,0
17338.0,17,8,6643.93,0,0,0
15883.0,2,2,396.48,5,0,0
12403.0,50,1,427.7,5,0,0
15930.0,67,1,426.63,5,0,0
18281.0,181,1,80.82,1,6,0
15555.0,12,16,4805.17,0,0,0
13186.0,40,3,1575.89,5,0,0
15145.0,4,4,1194.73,5,0,0
13284.0,331,1,201.19,3,3,0
17140.0,247,1,465.32,3,3,0
18001.0,12,2,417.23,5,0,0
15835.0,44,4,954.09,5,0,0
16182.0,72,4,6617.65,5,0,0
16795.0,365,1,414.88,3,3,0
13717.0,32,6,1445.01,5,0,0
17244.0,53,1,954.9,5,0,0
17805.0,74,1,512.31,5,0,0
12823.0,75,5,1759.5,5,0,0
13450.0,27,6,2043.7199999999998,5,0,0
13200.0,19,4,870.09,5,0,0
16883.0,187,2,276.73,1,6,0
12393.0,72,4,1582.6000000000001,5,0,0
15533.0,19,3,807.57,5,0,0
14073.0,32,1,151.04,5,0,0
15598.0,53,1,240.68,5,0,0
15002.0,116,4,1641.76,1,6,0
14288.0,213,1,426.6,1,6,0
14908.0,74,1,277.8,5,0,0
15667.0,40,1,301.32,5,0,0
15743.0,16,4,784.46,5,0,0
14854.0,78,7,2759.83,5,0,0
12615.0,2,4,2291.19,5,0,0
16574.0,71,1,451.44,5,0,0
13992.0,30,1,76.8,5,0,0
16446.0,1,2,168472.5,2,2,-1
15768.0,116,3,621.8299999999999,1,6,0
16309.0,106,2,706.57,1,6,0
17562.0,14,7,1122.38,0,0,0
13329.0,32,2,789.0,5,0,0
13455.0,25,2,1058.34,5,0,0
15107.0,311,6,319.5,3,3,0
14222.0,177,1,683.17,1,6,0
16774.0,68,4,661.52,5,0,0
13282.0,18,3,1132.14,5,0,0
13155.0,33,4,971.76,5,0,0
14075.0,5,3,942.26,5,0,0
13133.0,274,2,109.8,3,3,0
16036.0,87,2,758.92,5,0,0
14542.0,186,1,103.25,1,6,0
18078.0,217,2,336.13,1,6,0
16657.0,10,4,933.62,5,0,0
16954.0,1,9,2085.08,0,0,0
12865.0,26,2,1568.23,5,0,0
14788.0,7,2,679.4399999999999,5,0,0
16610.0,219,1,75.66,1,6,0
16755.0,114,3,1496.83,1,6,0
14236.0,81,2,490.86,5,0,0
14815.0,37,2,778.5,5,0,0
16697.0,241,1,112.75,3,3,0
15075.0,78,1,773.03,5,0,0
15215.0,47,3,734.94,5,0,0
15400.0,92,5,716.2,5,6,0
18278.0,74,1,173.9,5,0,0
15594.0,16,5,1771.78,5,0,0
13247.0,18,4,501.12,5,0,0
15774.0,69,1,270.8,5,0,0
15657.0,23,1,30.0,5,0,0
16029.0,39,63,81024.84,4,2,-1
14002.0,134,2,529.73,1,6,0
12370.0,51,4,3545.69,5,0,0
17750.0,5,9,1797.57,0,0,0
13811.0,184,3,814.5,1,6,0
14461.0,148,3,2103.06,1,6,0
15912.0,178,2,264.62,1,6,0
17394.0,219,1,203.86999999999998,1,6,0
13269.0,1,15,5346.2300000000005,0,0,0
17824.0,51,1,298.4,5,0,0
12701.0,80,2,797.71,5,0,0
18209.0,29,1,139.10000000000002,5,0,0
14696.0,4,7,2078.95,0,0,0
14264.0,155,2,333.97,1,6,0
13842.0,59,9,3385.62,0,0,0
12781.0,64,2,826.74,5,0,0
13124.0,90,3,3866.33,5,0,0
17100.0,18,2,971.74,5,0,0
17867.0,30,6,1197.1000000000001,5,0,0
13239.0,262,1,329.56,3,3,0
17505.0,162,2,1145.84,1,6,0
14456.0,5,9,3062.4,0,0,0
14885.0,132,1,765.3199999999999,1,6,0
16305.0,139,1,361.21999999999997,1,6,0
14066.0,267,1,152.55,3,3,0
13636.0,37,5,949.12,5,0,0
17768.0,8,3,2273.1800000000003,5,0,0
15364.0,96,2,913.19,5,0,0
13301.0,104,4,618.09,1,6,0
14905.0,158,2,616.15,1,6,0
15601.0,11,14,6776.56,0,0,0
16494.0,297,1,826.53,3,3,0
16497.0,50,6,2965.69,5,0,0
16203.0,59,4,592.9,5,0,0
16902.0,116,1,1706.88,1,6,0
17374.0,219,2,495.77,1,6,0
12488.0,10,3,1298.66,5,0,0
15677.0,49,1,657.23,5,0,0
13583.0,156,1,781.03,1,6,0
13404.0,1,2,252.49,5,0,0
12441.0,367,1,173.55,3,3,0
15039.0,10,47,19914.44,6,1,0
13075.0,130,1,919.61,1,6,0
13848.0,92,3,1255.0,5,0,0
15208.0,1,5,870.12,5,0,0
14180.0,11,25,4748.52,6,1,0
13723.0,217,1,199.85000000000002,1,6,0
14789.0,29,1,197.64,5,0,0
12688.0,114,1,4873.8099999999995,1,0,0
14410.0,92,9,1105.07,0,0,0
17754.0,1,5,1772.26,5,0,0
14693.0,265,1,172.9,3,3,0
17564.0,24,3,454.01,5,0,0
13199.0,4,38,9817.12,6,1,0
16190.0,40,1,215.08,5,0,0
13800.0,310,1,558.32,3,3,0
17612.0,53,6,2048.45,5,0,0
17356.0,312,1,178.22,3,3,0
15527.0,19,8,2429.78,0,0,0
17514.0,128,1,208.65,1,6,0
12739.0,78,2,1013.04,5,0,0
15569.0,104,5,1375.71,1,6,0
15142.0,46,1,498.74,5,0,0
15550.0,4,4,575.63,5,0,0
12664.0,8,9,4881.88,0,0,0
15361.0,362,1,418.92,3,3,0
13787.0,76,2,309.04,5,0,0
13095.0,71,1,74.39999999999999,5,0,0
18159.0,301,1,530.15,3,3,0
13350.0,16,2,979.12,5,0,0
16917.0,277,1,391.52,3,3,0
15358.0,5,22,8347.2,6,1,0
13330.0,93,3,1140.93,5,0,0
16319.0,218,1,404.40000000000003,1,6,0
15440.0,55,3,383.68,5,0,0
16213.0,79,1,159.0,5,0,0
17004.0,46,2,1412.94,5,0,0
13812.0,42,3,539.0,5,0,0
13014.0,11,10,3466.2799999999997,0,0,0
15610.0,52,1,112.46000000000001,5,0,0
17256.0,107,2,240.0,1,6,0
15118.0,134,1,244.8,1,6,0
17029.0,111,2,716.0,1,6,0
16440.0,8,5,3640.67,5,0,0
17489.0,59,2,376.64,5,0,0
18013.0,155,2,187.29,1,6,0
15157.0,4,3,1936.07,5,0,0
12507.0,134,3,1304.81,1,6,0
14616.0,243,3,406.08000000000004,3,3,0
16627.0,79,1,322.8,5,0,0
15935.0,239,2,416.86,3,3,0
16378.0,247,3,362.95,3,3,0
16204.0,23,1,405.71,5,0,0
12994.0,4,3,974.4200000000001,5,0,0
16414.0,22,2,126.25,5,0,0
15619.0,11,1,336.40000000000003,5,0,0
16049.0,40,3,1111.79,5,0,0
16342.0,75,4,322.41,5,0,0
18004.0,362,1,169.47,3,3,0
16851.0,4,3,342.45,5,0,0
18042.0,54,1,165.04999999999998,5,0,0
16171.0,59,1,73.2,5,0,0
14387.0,33,3,1770.56,5,0,0
16730.0,52,3,743.11,5,0,0
17248.0,120,1,318.65,1,6,0
12832.0,32,2,383.03,5,0,0
15444.0,9,2,1418.26,5,0,0
17180.0,56,4,796.03,5,0,0
14652.0,77,1,114.18,5,0,0
16808.0,99,2,288.42,1,0,0
12856.0,8,6,2179.93,5,0,0
15687.0,9,9,2993.1,0,0,0
13436.0,2,1,196.89,5,0,0
15797.0,113,4,2207.4,1,6,0
13893.0,298,1,821.1,3,3,0
17295.0,29,3,556.95,5,0,0
16931.0,5,21,4604.22,0,1,0
13494.0,312,1,316.26000000000005,3,3,0
14206.0,239,1,328.15999999999997,3,3,0
13562.0,82,3,1799.33,5,0,0
16818.0,11,11,3349.57,0,0,0
15344.0,1,3,563.94,5,0,0
15114.0,30,10,2760.56,0,0,0
14124.0,84,1,419.58000000000004,5,0,0
15480.0,116,1,905.5,1,6,0
14048.0,305,1,409.93,3,3,0
16623.0,246,1,129.45,3,3,0
16792.0,282,2,110.38000000000001,3,3,0
13093.0,276,8,7832.47,3,6,0
17472.0,191,3,710.29,1,6,0
12971.0,4,86,11189.91,4,4,-1
15786.0,46,3,4932.2,5,0,0
14712.0,29,3,917.07,5,0,0
15385.0,40,1,316.88,5,0,0
14414.0,92,7,1496.98,5,0,0
14581.0,17,1,138.6,5,0,0
13555.0,74,4,4149.28,5,0,0
14219.0,4,1,89.94,5,0,0
17163.0,22,2,293.1,5,0,0
13762.0,219,1,306.72,1,6,0
15909.0,174,1,191.94,1,6,0
13572.0,206,1,1384.25,1,6,0
14528.0,37,1,364.21999999999997,5,0,0
16383.0,75,2,668.36,5,0,0
12838.0,34,2,683.13,5,0,0
18211.0,26,5,600.07,5,0,0
17125.0,50,1,259.35,5,0,0
12558.0,8,1,269.96,5,0,0
17268.0,108,4,763.64,1,6,0
15724.0,201,2,218.25,1,6,0
14156.0,10,55,117379.63,2,2,-1
17197.0,30,1,1013.01,5,0,0
14336.0,17,4,1614.91,5,0,0
16210.0,2,18,21086.3,6,1,0
16485.0,77,1,363.65,5,0,0
13388.0,131,2,677.1,1,6,0
15987.0,12,7,1451.28,0,0,0
14869.0,9,2,725.7,5,0,0
17111.0,47,1,248.61,5,0,0
17284.0,60,6,1652.58,5,0,0
12490.0,5,10,5417.93,0,0,0
12432.0,43,5,5059.32,5,0,0
15990.0,44,2,792.11,5,0,0
13845.0,65,1,312.98,5,0,0
14600.0,306,1,393.33000000000004,3,3,0
14012.0,278,1,328.8,3,3,0
17414.0,44,2,778.0,5,0,0
16717.0,24,6,3858.38,5,0,0
17788.0,74,2,1117.9,5,0,0
14117.0,144,1,90.0,1,6,0
13618.0,174,1,177.34,1,6,0
13425.0,108,3,1624.21,1,6,0
17892.0,56,3,244.1,5,0,0
17862.0,324,1,330.9,3,3,0
14756.0,15,1,738.96,5,0,0
17154.0,75,1,329.34,5,0,0
14856.0,36,3,1311.3799999999999,5,0,0
17058.0,82,3,1179.89,5,0,0
15874.0,64,7,4405.88,0,0,0
18252.0,51,2,526.67,5,0,0
13654.0,43,6,2707.33,5,0,0
13747.0,374,1,79.6,3,3,0
15645.0,19,1,612.01,5,0,0
14930.0,109,3,2372.86,1,6,0
12843.0,66,8,1702.26,0,0,0
14470.0,12,2,461.19,5,0,0
18191.0,262,1,207.79999999999998,3,3,0
16496.0,9,3,1599.52,5,0,0
13173.0,4,2,353.65,5,0,0
14019.0,47,3,1421.61,5,0,0
17045.0,113,3,339.44,1,6,0
15065.0,38,4,3158.13,5,0,0
16882.0,67,3,705.12,5,0,0
14109.0,73,1,144.2,5,0,0
17841.0,2,124,40991.57,4,4,-1
17537.0,30,2,897.62,5,0,0
16893.0,367,1,145.93,3,3,0
17409.0,185,2,771.85,1,6,0
13168.0,36,4,1319.19,5,0,0
15986.0,30,1,168.12,5,0,0
15368.0,21,1,446.94000000000005,5,0,0
16572.0,127,3,1009.6,1,6,0
13115.0,12,4,2294.78,5,0,0
15703.0,265,1,211.5,3,3,0
17453.0,18,2,486.71999999999997,5,0,0
18154.0,3,2,399.19,5,0,0
16768.0,48,3,478.09000000000003,5,0,0
14535.0,60,3,2864.19,5,0,0
17194.0,274,2,262.62,3,3,0
18116.0,68,8,1418.03,0,0,0
13106.0,133,1,76.5,1,6,0
13575.0,23,5,732.0699999999999,5,0,0
13292.0,39,2,578.9399999999999,5,0,0
13635.0,68,1,1071.03,5,0,0
14314.0,107,1,120.0,1,6,0
12685.0,28,6,2863.08,5,0,0
16188.0,45,4,981.86,5,0,0
13710.0,32,1,180.48,5,0,0
17073.0,18,4,1446.09,5,0,0
14548.0,151,2,652.8,1,6,0
15675.0,81,3,323.69,5,0,0
18236.0,30,6,882.24,5,0,0
17846.0,85,1,2033.1,5,0,0
12729.0,114,1,453.01,1,6,0
14770.0,232,2,876.42,3,3,0
14805.0,15,4,554.65,5,0,0
17384.0,19,2,336.4,5,0,0
16898.0,26,3,508.81,5,0,0
17619.0,312,1,218.52,3,3,0
12621.0,2,20,13689.67,6,1,0
15407.0,34,4,1056.44,5,0,0
12559.0,311,2,561.71,3,3,0
13669.0,51,2,218.55,5,0,0
13552.0,66,12,3740.07,0,0,0
13344.0,68,3,2543.72,5,0,0
15516.0,45,3,62.43,5,0,0
17412.0,3,7,1258.06,0,0,0
15854.0,4,12,2974.65,0,0,0
15060.0,8,4,303.09,5,0,0
17204.0,175,4,1564.56,1,6,0
13324.0,36,10,7121.95,0,0,0
17885.0,12,1,190.19,5,0,0
14024.0,122,2,327.7,1,6,0
15475.0,77,1,454.10999999999996,5,0,0
13570.0,243,1,239.49,3,3,0
15942.0,134,1,337.44,1,6,0
16145.0,9,11,3799.4900000000002,0,0,0
15230.0,239,2,429.6,3,3,0
12479.0,11,1,527.2,5,0,0
12427.0,22,3,825.8,5,0,0
16318.0,35,1,328.15,5,0,0
16742.0,47,1,464.9,5,0,0
15257.0,283,1,317.15,3,3,0
15732.0,212,2,294.12,1,6,0
13452.0,259,2,590.0,3,3,0
14670.0,280,2,411.53,3,3,0
13299.0,268,1,142.5,3,3,0
17715.0,201,1,326.4,1,6,0
12736.0,333,1,234.0,3,3,0
12940.0,55,2,913.54,5,0,0
16344.0,158,1,101.10000000000001,1,6,0
16726.0,26,5,1382.02,5,0,0
14036.0,285,1,626.65,3,3,0
17777.0,25,3,665.86,5,0,0
14155.0,266,1,118.75,3,3,0
16272.0,117,1,411.7,1,6,0
17522.0,2,5,1070.71,5,0,0
13130.0,94,1,64.0,5,0,0
16107.0,18,7,3204.1600000000003,0,0,0
17684.0,44,1,239.41,5,0,0
15274.0,4,2,716.57,5,0,0
13809.0,305,1,155.05,3,3,0
17856.0,2,4,1418.03,5,0,0
15382.0,15,6,5955.71,0,0,0
15696.0,33,8,2736.46,0,0,0
17602.0,2,6,5102.97,0,0,0
14758.0,145,4,1484.06,1,6,0
16915.0,9,6,621.6800000000001,5,0,0
16816.0,103,4,417.06,1,6,0
16172.0,95,5,1140.21,5,6,0
14257.0,64,5,3099.7200000000003,5,0,0
15678.0,53,1,352.7,5,0,0
18099.0,127,1,168.31,1,6,0
12747.0,2,11,4196.01,0,0,0
17312.0,139,3,644.3,1,6,0
14139.0,46,1,415.82,5,0,0
16710.0,19,10,2483.04,0,0,0
16705.0,1,20,14034.99,6,1,0
16015.0,4,3,705.39,5,0,0
16618.0,31,5,2647.59,5,0,0
15416.0,65,4,3984.32,5,0,0
16148.0,296,1,76.32000000000001,3,3,0
16052.0,54,1,362.06,5,0,0
17904.0,21,1,191.67,5,0,0
17214.0,60,6,1069.1200000000001,5,0,0
17048.0,118,3,925.35,1,6,0
16017.0,47,1,211.88,5,0,0
16327.0,14,6,3844.22,5,0,0
12921.0,9,37,16587.09,6,1,0
17948.0,147,1,358.56000000000006,1,6,0
16278.0,100,1,566.38,1,0,0
17438.0,254,1,388.45000000000005,3,3,0
17411.0,12,3,778.94,5,0,0
15860.0,41,8,977.21,0,0,0
18155.0,75,3,371.62,5,0,0
15095.0,104,4,1370.6,1,6,0
14053.0,124,2,260.25,1,6,0
13805.0,52,2,924.6,5,0,0
13045.0,99,1,305.28000000000003,1,0,0
12939.0,64,8,11581.8,0,0,0
13213.0,57,5,1520.58,5,0,0
15218.0,11,11,5756.89,0,0,0
12690.0,206,1,389.01,1,6,0
15867.0,5,15,3812.64,0,0,0
15537.0,163,1,110.92,1,6,0
16784.0,20,1,107.6,5,0,0
17135.0,16,7,1139.73,0,0,0
14431.0,303,1,470.36,3,3,0
17839.0,42,1,338.8,5,0,0
17806.0,11,1,546.04,5,0,0
15120.0,134,1,358.82,1,6,0
12875.0,143,2,343.2300000000001,1,6,0
12452.0,17,2,430.57,5,0,0
16173.0,16,6,1418.32,5,0,0
13637.0,52,3,810.5,5,0,0
12520.0,79,5,2634.26,5,0,0
17054.0,28,5,1356.33,5,0,0
12877.0,4,12,1535.77,0,0,0
12710.0,97,3,1149.02,5,0,0
12891.0,186,3,331.0,1,6,0
17534.0,54,1,223.36,5,0,0
15345.0,46,1,393.54,5,0,0
16589.0,71,3,459.24,5,0,0
16602.0,36,1,528.08,5,0,0
16159.0,282,1,348.2,3,3,0
12617.0,29,1,355.53,5,0,0
14851.0,23,2,511.35,5,0,0
15468.0,51,2,467.51,5,0,0
15769.0,7,26,56252.72,6,2,-1
18277.0,58,1,110.38,5,0,0
18104.0,37,1,754.64,5,0,0
17110.0,165,1,163.29999999999998,1,6,0
15116.0,18,4,1352.75,5,0,0
17906.0,247,1,72.9,3,3,0
15656.0,45,4,748.5,5,0,0
13954.0,2,2,439.92,5,0,0
15739.0,66,1,449.12,5,0,0
16746.0,5,18,6697.66,0,1,0
16140.0,66,2,725.18,5,0,0
13375.0,89,1,778.65,5,0,0
14185.0,331,1,197.65,3,3,0
12355.0,214,1,459.4,1,6,0
13419.0,64,1,221.06,5,0,0
16103.0,7,6,1429.64,5,0,0
13233.0,74,2,605.12,5,0,0
17603.0,78,1,394.72,5,0,0
14752.0,44,1,389.64,5,0,0
12851.0,97,1,135.18,1,0,0
14176.0,297,4,576.9000000000001,3,3,0
15266.0,338,1,119.3,3,3,0
15227.0,37,5,1219.4,5,0,0
17341.0,157,3,781.36,1,6,0
16670.0,17,11,4095.9,0,0,0
12388.0,16,6,2780.66,5,0,0
12933.0,24,3,607.53,5,0,0
13193.0,61,1,117.88,5,0,0
15130.0,170,1,330.11,1,6,0
15308.0,274,1,310.47,3,3,0
13302.0,155,1,63.75,1,6,0
16804.0,23,3,536.99,5,0,0
16099.0,50,3,731.9,5,0,0
16403.0,312,1,177.5,3,3,0
13518.0,86,1,659.4399999999999,5,0,0
17235.0,25,2,550.06,5,0,0
14047.0,9,5,1308.6100000000001,5,0,0
