PC1,PC2,PC3,class
-57.44698695111885,95.4109807749247,74.30154325320066,PRAD
-16.919430075680886,0.7324706039995333,-64.07289945730636,LUAD
-70.34521784973518,-19.303326933458674,20.48824039710102,PRAD
-49.16159132998037,-9.227586560410455,61.24377016127199,PRAD
-18.132533534739245,-51.32779653453744,16.598115791013154,BRCA
-19.174994004703734,23.71842047462858,62.80257656185524,PRAD
42.45691767367123,74.62597906292083,19.84519007003696,KIRC
16.09701250796073,32.534738307327046,60.06522639458868,PRAD
3.970095130419204,-70.24803967654886,-32.948929398790746,BRCA
-27.941355483158535,2.659562607833284,88.2380433942642,PRAD
-18.486718726304822,-15.126197273743387,21.364977457896448,BRCA
88.63496978273523,41.75764594742845,-13.23997494363165,KIRC
3.7104075401507863,11.764263768554336,56.673390302047046,PRAD
-83.69526810313175,71.75188815116773,-0.8780562623875187,BRCA
-48.07415323459657,-36.39564097705006,12.775559597626794,BRCA
11.0550304151784,-46.15744608151418,15.591769530252042,BRCA
2.8303128440373997,-1.558868359045908,-39.11288727415517,LUAD
85.22979316248188,23.779513843590486,0.13624330486139194,KIRC
85.30209660311735,20.60563514684865,-14.350420518385475,KIRC
-28.215383898666175,-2.4757335670676786,52.11351270921457,PRAD
13.923836443103161,-118.99401320043361,-19.814692891780528,BRCA
35.65236103994979,6.040700676102233,-47.36490208895709,KIRC
-3.357787704543301,-6.085389433090353,-22.401067292213583,LUAD
-69.29700920570365,-1.9336475432845217,3.0285921245438314,BRCA
100.9571040454401,-10.71164047575353,-14.840532951738968,KIRC
32.4318439310733,0.4304059531809899,-1.4623043323811304,LUAD
-54.16009544566649,19.439378876308037,-45.715659492335554,COAD
-15.188364741508119,-41.51582263977965,17.82601109792208,BRCA
-29.355314378713782,-19.487532802665893,-38.58175786220499,BRCA
-37.08865182678855,-57.16676954846668,-15.839773577682568,BRCA
-25.553750031331298,-27.29318854837948,-0.23121843440902046,BRCA
13.040025367851538,-111.07143632838995,-6.518415124266042,BRCA
83.47392178320183,5.903833513913796,-31.883697820341848,KIRC
-28.151494202764503,67.64980895770196,10.636789084912254,BRCA
-27.270825417059555,34.79965886505814,67.28410394155347,PRAD
-20.01835478209485,-55.650264460308755,5.6858016021420825,BRCA
70.31962512782667,9.073736254830921,14.8238182243916,KIRC
28.018634416524456,6.324738531208957,5.7593570808114745,LUAD
-25.512069944921695,-1.5062407740819879,20.34645634512746,BRCA
-53.15845774626504,56.32044251310104,4.439274077681295,BRCA
109.35853634939414,-3.675936298170963,-4.603464081893403,KIRC
-21.972156778228463,32.165896920422774,94.8235894565047,PRAD
-6.46384844403181,5.795766667539338,60.63174355439166,PRAD
70.89197963215693,61.772978492170765,0.16930921179736866,KIRC
90.18085696234854,45.21662355409119,-0.7773909861508819,KIRC
-3.6708495358801034,-69.1471276012235,-6.731218594671194,BRCA
-24.196538864098518,92.78165838049013,85.24640844586314,PRAD
-79.1388638502147,23.222164770382157,-51.76367077602592,COAD
-22.47332267694803,-61.10727449749149,-12.14466243262644,BRCA
-8.898066466473939,-13.74453470585097,-30.85918032564419,LUAD
-2.743319530605235,-76.32769178533448,8.290543216233432,BRCA
-30.34849033832109,22.688821997473283,-22.346341085338736,LUAD
-34.00569393589611,-29.326009304319236,-21.111232037900283,BRCA
-20.53863594884666,18.37326043694479,85.38729571452699,PRAD
-90.54748158812899,24.527205894341577,-54.91138597813918,COAD
-70.1194246891702,21.683707215645438,-25.78939944267593,BRCA
-16.708306057434047,-55.965947001587026,11.002622419362348,BRCA
-26.803770575398765,1.9219642159962094,-53.02812497706722,COAD
60.70407375574941,78.12494993542168,2.3113189730319346,KIRC
0.5913916842140106,-13.031334454689683,32.88293536455624,BRCA
-15.124857538615654,3.0894434200231804,-50.689998232839095,LUAD
34.188750245507926,-10.569515380774606,-12.930995350842872,KIRC
39.57749867356846,-68.88468480823138,8.104693691737275,BRCA
6.7446147852111995,21.63750773204717,-12.526341882946918,LUAD
-38.27337945953469,-13.36302722311459,62.85999937473435,PRAD
-56.87693520758537,8.950611572949004,-70.59799149356719,COAD
7.679846157321291,-1.12799068601776,18.44046240333765,BRCA
-28.93726085745195,1.3510621448358822,85.32582256996821,PRAD
82.05264056844052,25.973201968508853,-20.355285924425488,KIRC
-25.95781623561269,14.372529920969637,-27.321083326290427,BRCA
82.26513906003696,47.37550665913898,-12.756211282453666,KIRC
-5.1691449388577935,-3.4290525038596193,19.60852629336731,BRCA
-29.2100324614691,35.98262904899788,20.642624272605033,BRCA
5.604662732749292,-4.470997095492594,-6.687899064344775,LUAD
-3.5372518889873836,-93.4071783004738,-37.66064712840706,BRCA
-26.164449927704435,8.133273691475113,-44.01849975967163,LUAD
12.820850687714419,-36.39475811831587,16.66889269420147,BRCA
1.165174971004161,125.08485914713569,-20.61951868528912,KIRC
-12.72054907306689,-1.2537095521786006,71.08819426572842,PRAD
-63.736488482128905,30.817122598166527,-46.467539719625,COAD
-21.2818487380073,-63.75826470558551,-11.637169944874309,BRCA
-22.63549136640189,7.176379904444126,70.30166134558795,PRAD
-22.30756424433999,-45.42333000702858,30.587034890625844,BRCA
-4.839592589270988,-78.70059321165766,8.33213992288739,BRCA
-26.805003847806177,72.72713109873641,73.41667138107702,PRAD
-15.337390283456925,25.835585432047775,80.50856555179276,PRAD
-34.833816637881334,-64.48733293465261,-23.083529602366742,BRCA
-35.84317946106488,-13.838238439362385,21.744265019400203,BRCA
77.14579487372814,73.7090455489445,0.02877145209009706,KIRC
-32.519703488956,-12.788865233887313,-45.021233857001334,BRCA
-31.933203439643126,23.82512178423703,71.71590380537197,PRAD
-45.53238773285609,42.851160057647405,84.2156877820793,PRAD
28.3628259841229,-42.96349560315075,-0.09563790434187357,BRCA
-47.23138295317352,92.36805660761839,21.791373877328862,BRCA
-2.6898639365685333,-60.438481048609766,13.423727689905675,BRCA
-29.256769521874936,12.586889945128751,90.43625941733107,PRAD
-65.2700622308651,24.845336710355937,-71.06739158121306,COAD
-6.798916898800561,-59.04822045188561,13.369343384535558,BRCA
18.383420717199073,-27.39672964331569,64.16109873573615,PRAD
-10.491896477179527,-17.823608230166855,-5.564463968386423,BRCA
-20.242238416042145,-30.916159331690153,12.499251921203086,BRCA
97.32318581471843,15.25172415455604,0.807275208136039,KIRC
2.147320509245354,-49.747444745905774,5.542348083361377,BRCA
74.45979988492718,58.98120342147981,-17.47922770460875,KIRC
-16.018254067605813,-2.102643735047121,-35.09096308307675,LUAD
101.5907619515356,10.834429567136844,-8.83472558827441,KIRC
-21.773646134725656,27.363004185671194,-46.74161178735896,LUAD
-48.69402161992189,24.061941007702178,-44.537946770775,COAD
-23.46757570794954,26.847944800357112,-37.49565483386234,LUAD
2.8342789975480263,-23.781192806527017,-39.62396784119719,LUAD
-74.5438475797191,109.41843755094577,81.53165652716692,PRAD
13.408422998808405,-55.879810851901155,16.43128432498807,BRCA
-3.1812149251116373,-7.272620021825809,-36.542564500347666,LUAD
-20.073817103830738,21.96636586078972,58.963372527154384,PRAD
-6.085138525727278,-41.418385323423216,1.8307883635167423,BRCA
92.21330273931912,35.12946224010051,-2.179621402177093,KIRC
99.63993361053184,1.31444053002568,-25.604156109152992,KIRC
85.90506089878221,36.33416626685427,-2.9379835355444692,KIRC
20.021336253059758,-53.654647075820094,-0.6358797526077169,BRCA
-18.364745025530205,-68.70563733154508,-5.904866957728329,BRCA
6.95554191250196,3.5153996313355487,-44.09202806875543,LUAD
83.36302089829901,26.025217954528127,-22.993213977118454,KIRC
-18.749972742665932,24.228372735306984,-23.808566222353647,LUAD
-45.94028938432293,-19.672052038687756,28.517855248408413,BRCA
-10.838833815109654,10.684140016380463,69.65358758096346,PRAD
-6.6806254674242656,45.23039173267801,65.89474614946575,PRAD
-33.57152105898679,44.16835602769457,76.74115725945497,PRAD
3.0704043725275816,-42.34441752188531,25.97456499263116,BRCA
91.64775330934962,40.51327192259869,6.599278372155781,KIRC
-38.78554524487263,-26.908640401675598,-27.42181257047877,LUAD
-66.32266904971507,32.72856514970803,-65.96237656536576,COAD
-60.03166627414364,10.782967350734694,-16.353461313185228,BRCA
-94.00312191310995,55.752148533790894,-71.01917752167459,COAD
-26.3689375655275,-18.585595230978196,-22.787347523160435,BRCA
-42.80224228320416,-31.989048957903155,-0.21242269173528133,BRCA
71.55170922759235,49.22405159894155,-23.173534736928765,KIRC
42.284272229078596,16.368747480847915,-12.710676237206599,LUAD
-19.751322051550005,-34.86328752299694,3.6167190932966853,BRCA
64.341145315539,37.40815037302188,-9.527271620022024,KIRC
-62.45169708500057,-8.955135968533577,-72.77961694439888,COAD
6.575761719148216,-64.23577005047967,6.2956563397149425,BRCA
-37.18991665067425,25.523404233030362,88.56614708658319,PRAD
19.64014201831797,-49.4270926174227,29.567120750965408,BRCA
39.1052950182999,50.64093723796684,-38.33607713899778,KIRC
40.91856642312768,-21.860508960803102,-18.915146429545644,LUAD
-79.00096070999334,33.60396390241757,-64.76221405398762,COAD
-5.579547172999512,77.65810567280738,60.98823575466898,PRAD
1.840889555543106,-53.57784213078565,1.3191546915284844,BRCA
2.9879914388705333,11.982206416255453,-14.052850289622217,LUAD
-34.64505577549858,15.9904517964104,-15.595337377148487,LUAD
20.255938676153722,-18.625748620310336,-51.30075148225451,LUAD
-15.744851139311802,-6.173465134008259,-45.71092127281479,LUAD
-27.643822134703328,-58.032499039558274,2.45082517206207,BRCA
-7.744857075221872,-73.41799254240695,2.0722918865679643,BRCA
43.47047684259708,-8.540343529021856,-34.745800654808306,LUAD
-6.947821061698615,-18.877591668820248,7.170302491632368,BRCA
18.50420972850736,-100.53489181460657,-10.483841730826462,BRCA
-25.125183170256566,-5.37623297112577,57.67966076340442,PRAD
-21.49337203995983,42.69604313757445,63.743575189377985,PRAD
18.005328795660006,21.331853412128325,-13.859630182985745,LUAD
-46.17956811723387,102.2352819007875,78.79819374313716,PRAD
6.757960174215645,-4.5610752849045415,11.972084154287387,LUAD
88.97507809472503,18.540517020189544,-4.70733299005895,KIRC
-7.219110618858209,-5.218764796497392,26.094613159369842,BRCA
0.7911955956843484,12.273994904380894,78.18909759609383,PRAD
0.5630222201370348,-1.1084587227202065,-28.097609027269606,LUAD
-70.7628036666228,16.90642170913926,-68.2962079282885,COAD
76.64878364836513,73.6556105846786,1.3506958744292052,KIRC
-0.4500362022525795,0.39387656634386875,-30.9155187682257,LUAD
24.091862868319954,-78.64382302590627,29.717912352533137,BRCA
87.5682919395954,30.25449591657307,-9.477754442878561,KIRC
-0.2399690564094393,-5.487455869908474,-21.43897744936039,LUAD
-28.9067013519544,-59.718740011811846,-3.4126363292479702,BRCA
-27.84204576096496,24.175805542134245,-29.69919223009633,LUAD
11.326134831374961,-39.1215225999259,14.694852939165079,BRCA
-36.126568542121255,45.31831224837258,22.954879061531287,BRCA
-22.25836273920965,-7.386863299493301,31.28044850718147,BRCA
-10.357111504867616,19.644085585111615,53.76559765271886,PRAD
-17.366341043884834,-23.666228115696647,13.881329968607435,BRCA
104.07683875556704,5.299779072237713,1.2122454574439725,KIRC
-79.43699417278633,15.272231562378064,-63.486721829271325,COAD
77.3845508982808,23.350737509342235,-12.708470593404035,KIRC
-0.15262701426762668,-46.09257138159354,4.958588940311655,BRCA
10.049401410009308,13.847719336756056,69.99316733996896,PRAD
-52.8634361995206,2.9618437923520444,85.05643929525125,PRAD
24.921710078319915,6.915714934581443,57.54178374941025,PRAD
-8.663471934246736,-2.27075347292518,-28.872505153207396,LUAD
14.340048835039912,-1.9355196246194186,-40.43576974380992,LUAD
-12.772761748619429,-37.164951990622,-10.891067319595477,BRCA
-8.947513071713953,29.794504807235096,-28.529278411193715,LUAD
-1.9807306624344045,21.3644878494907,0.4750536096849861,LUAD
92.8218176401492,12.530727057778217,-23.73876697568772,KIRC
-50.26633299424506,59.267426272157635,-28.362010971457995,LUAD
-10.183188272208364,-43.947170005888054,63.43436277405774,PRAD
-7.613438343138964,46.894421962984914,-10.176103224024668,LUAD
42.136383140600834,-39.59909168485207,30.672415956148495,BRCA
-71.05707931446346,90.44018262889368,-6.644708903055576,BRCA
-7.844792001328304,-88.78757627743084,0.07115160562502054,BRCA
-23.703222011987915,44.638940790112045,-60.68252022469301,LUAD
0.7407753218060482,29.193175690958235,-22.540598869297472,LUAD
40.16562483707095,-30.675059154163502,0.18714083968885353,BRCA
86.0672171802642,10.188883395765153,-2.7712078649668292,KIRC
99.61475022552226,0.9057598673660305,-6.785776556199516,KIRC
75.34692421286421,14.274156814889416,-30.276995736913168,KIRC
79.3637979842979,52.67093105150257,-18.851886465484856,KIRC
-16.132104974785953,-36.45449691613843,73.05718794998286,PRAD
-77.85949259805552,93.18799614093278,-19.76624398852471,BRCA
-46.72068315487007,8.450872447437042,67.06762331861493,PRAD
-16.042131408087887,-4.56647360894891,-1.4428217308280438,BRCA
17.7530017794754,16.549620119575362,-36.142615239578696,LUAD
13.969983685025317,12.671030900528276,-40.44939194833218,LUAD
5.271035369078253,-49.33555879446477,-13.00717584656482,BRCA
-20.943116584623162,-2.7740652037626767,68.03912106886837,PRAD
-45.86362807540784,8.960057740497252,12.601618642233156,BRCA
-11.661409694536651,33.757216327264466,82.93855472884442,PRAD
18.255715352957246,-26.404622619021442,11.507267994013134,BRCA
-22.83637082677007,-52.02663530749958,-2.623274701133871,BRCA
6.777821257127118,-42.44025402304183,-2.456018227216264,BRCA
17.285323671176407,11.547262776773557,-20.777886494738937,LUAD
-9.147042724855027,-15.472763036176005,10.095373387232124,BRCA
79.81351575200652,23.37852438002259,-14.543766989534372,KIRC
4.456468421925492,-2.492973204774976,-27.041305661732757,LUAD
107.06816824949247,0.30166460983709903,-8.441674275426806,KIRC
92.07915465468812,16.553295116848297,-22.53582549004558,KIRC
24.71554465146027,-11.165371835611124,-42.16097018909022,LUAD
57.240085729724896,-87.03014327985035,12.739279134947697,BRCA
97.97354644806077,15.536019290696007,-12.536148507000453,KIRC
-32.8668365346512,27.537974923282952,85.21653171103598,PRAD
20.339366522859315,-38.39114832771049,10.490372874634161,BRCA
4.861541745095351,-1.7838470603613719,-44.481117414787356,LUAD
-50.479607461552746,92.92432238777232,-24.812388674713482,LUAD
-12.610477332386333,-34.34371697815705,58.89897098795759,PRAD
-78.68838179116335,25.886789332812572,-66.82065157476708,COAD
-77.50851526654652,75.2191294525436,13.705486997994576,BRCA
88.69713796456523,35.046674574150735,-9.290281207589981,KIRC
17.07609104498993,-2.87248793000415,67.04336540740616,PRAD
80.10278085367123,25.860055123519253,-16.858895385893646,KIRC
-46.010792831656595,18.30068581008946,-52.93811272400938,COAD
-12.273129896725367,-9.434645736207049,-10.425019913900766,BRCA
85.36559824928915,37.420147357940756,-3.790088415168412,KIRC
68.72214988977571,60.5900943580737,-11.68675815569052,KIRC
1.2453956708436753,-31.62223982540638,-43.41073290539522,LUAD
-37.01822369260723,32.972761344154144,75.22001473887039,PRAD
21.00981220160055,4.327960682766329,24.550553947134,PRAD
32.583285389039354,0.546400378783644,-6.2341545849673174,LUAD
-20.065761918685514,20.026131490129995,-27.270300113750427,LUAD
90.36010631840989,40.54266900878981,-9.007032518760688,KIRC
8.192514548478874,-23.92342809631783,5.895124786163147,BRCA
-1.1445766138481388,-25.94324455822359,-32.125410892064124,BRCA
-52.625981071424945,26.7633175205345,-52.49908344717268,COAD
-31.412170186166787,-55.01467683397145,-31.97247112371035,BRCA
-33.30997291843839,20.159850498026856,91.78136065599017,PRAD
7.678911571293204,17.77465547788191,-16.402489598407836,COAD
-4.982323901488078,-25.67261259605059,17.213338652679326,BRCA
-20.506349213509676,1.1934934335006127,75.69140580194185,PRAD
88.02803612629828,25.609563922852576,-5.694438367577896,KIRC
-44.31745235052375,140.94426701468691,70.43811770537253,PRAD
-11.251064081038823,-18.18792667913119,80.46352818169474,PRAD
-11.464844929190061,16.200239499745468,66.79904204693966,PRAD
16.449534089151154,-58.19131254821946,5.200630702102676,BRCA
-23.36720548814705,-11.183113957050141,-45.044017805028126,COAD
-60.310290894321085,6.264476422138679,-44.666790957182556,COAD
18.706153012924105,-26.58122572459839,-31.375761496331616,LUAD
-49.58809227454437,21.982925429637458,-44.64282157360827,COAD
-56.83134293673084,31.358612124160874,-50.85635479539369,COAD
-48.025186053165335,11.988219895887864,85.7823488946609,PRAD
-9.8796361582868,-23.302822834989943,-28.16836588362134,LUAD
-52.073220607734626,-34.78184066490913,-52.38895197676429,BRCA
28.482521541931927,-34.92320977647495,-5.867047164060061,BRCA
83.15694786182571,23.18241930420192,-4.5121473493837065,KIRC
79.2719400984071,54.90949741045798,6.055718155661088,KIRC
-38.67149007986938,-39.105961261941594,-1.7644916041818792,BRCA
-83.43871067821122,29.420560573009215,-69.278834746217,COAD
-60.46893643926623,138.07935138294255,67.42708154283143,PRAD
65.9745570761796,93.94696936017804,-3.420186587756819,KIRC
-17.66122547373816,27.972660306119785,61.083113279928945,PRAD
-1.5051310888342717,-37.917205349846924,-1.132375401496998,BRCA
-37.40633041325068,-75.5036384476733,4.87412338432708,BRCA
104.41142012088571,-5.218358619071955,-8.986198376138125,KIRC
4.941986340113425,-79.75884218729685,3.3227421144124984,BRCA
3.554480812125427,-71.58800750053955,-31.19735869099891,BRCA
-15.234863382006527,-29.814617960618847,-18.545797928320482,BRCA
-86.38957801897095,108.36427290648409,40.93786162962674,BRCA
-13.459305578640627,51.010994820275855,-1.0460279383397602,LUAD
-12.043663842790536,-11.571561376941622,-37.55560884977785,LUAD
-1.3933944874293736,-44.81714527998852,21.201006084222875,BRCA
10.66348244718558,-41.61542975589289,21.473674255971172,BRCA
-11.94551094407619,-38.680108081160554,-6.7404980625716995,BRCA
46.653362362246725,62.76183063971205,18.383460272048218,KIRC
86.97031140116836,29.466509284967586,-3.1093461646479525,KIRC
89.01510547834674,7.9884240407663265,-21.845099573018008,KIRC
95.80172757546174,11.043408401554993,-10.908884038788345,KIRC
-36.43509241075117,51.37680160836413,6.719110374405533,BRCA
10.05375855491095,-58.96107931422094,-22.591916931166182,BRCA
-24.797038765727212,-42.35525037272051,16.596653788345225,BRCA
81.36664533518778,24.74004621369412,-6.34069837662586,KIRC
7.447564510722861,-61.89809975925131,35.939794046145096,BRCA
6.832517176646383,-50.60406147318668,33.67785974698359,BRCA
-4.238138032866304,1.3257477465544023,-57.60509003024228,LUAD
-11.774723843383935,9.936838755545729,58.76957345616717,PRAD
-14.997971050082237,13.154607345234979,41.98816742176086,BRCA
9.117942179206185,-48.31861675173118,28.643796504343204,BRCA
-83.47377545464863,36.801490380491536,-47.200294724043836,COAD
-19.551600702790296,12.33828623174849,-44.34006412300859,LUAD
-30.156808024784468,31.749797521539612,74.53244598907322,PRAD
-0.9392117001019346,-77.83117463063702,7.130971221060856,BRCA
-2.1021669384174837,-61.63404297255575,8.2493233215871,BRCA
10.007390367879285,-40.979117188377344,-7.266537637578891,BRCA
-107.44654122465212,41.012778827919185,-63.69235651252405,COAD
-1.020535797424111,7.262194072826744,12.27736687265156,BRCA
19.129006227512104,-31.35312655469637,68.7511128973832,PRAD
22.138222346160216,-57.15720655234599,22.636051143370366,BRCA
-45.50601349103126,19.4533559484672,-67.13178229018969,COAD
-53.50610106666071,25.857032828835713,-34.488513781009985,LUAD
-9.174890224345939,21.166173397962762,-63.46078304522163,LUAD
-28.879471435490952,-2.0516540877659324,80.17827767919654,PRAD
111.01939997141434,9.47398089005425,-3.1924266982361966,KIRC
-25.08373179896714,12.091729889090656,26.69761446549832,BRCA
86.08042210986721,63.530027638362796,10.797159012304185,KIRC
76.82250669664639,62.12063788137368,-1.6918568469376725,KIRC
49.582762509684365,-67.30955692817163,-36.85666330838981,LUAD
-30.154370304393822,16.796088937025928,-38.47275385876066,COAD
30.35967566852918,20.33074841231354,16.437836894493334,KIRC
20.31237380537342,-86.26878285092695,26.306182997342862,BRCA
-2.8071151250625697,-60.81991576193781,17.257267732981585,BRCA
-43.09418357911125,-40.084615557761275,-55.80734134193501,BRCA
45.788392997759054,-53.51222129925211,-46.047929861107214,BRCA
85.91997484726284,43.88917373084167,-6.523638719311711,KIRC
9.59823545140001,-64.50602729838619,0.186404070440805,BRCA
-9.764433365715746,-42.11605618735067,21.494877691719097,BRCA
-30.72919962296181,6.835979716161278,84.83000022469442,PRAD
-36.91566437910067,-3.3860581542692434,-54.279815656868166,BRCA
100.32188780873486,8.39409493049512,-4.492453920476665,KIRC
-0.06950885938098196,-46.428713770448546,-6.550251993578655,BRCA
34.89548323471474,24.062169823184885,-23.459030701030176,LUAD
-16.644043169735777,15.478471995569778,67.33262169891451,PRAD
67.99194686998798,3.8005623583052204,-0.25005631465427763,KIRC
-19.379420719818985,-42.83999886579306,-14.804002403874435,BRCA
-53.68027148400615,16.764068417898496,21.654588338032028,PRAD
-68.25135421094294,13.288257846313105,-48.6358620102473,COAD
-0.4410450464155767,18.104037321854364,16.918772721827334,BRCA
-3.578571126831064,-30.452780557475045,18.33789912083692,BRCA
-34.42700832304493,-32.44087988143006,-1.612525257515258,BRCA
-17.157218410305585,2.8329892712753804,-46.07050881072296,LUAD
-50.73414537195039,49.372026197900055,-62.11680561472971,LUAD
7.229653523990438,13.532175283826644,-18.49073158324903,LUAD
-0.521351034847459,-72.26528400115347,-21.718973549682172,BRCA
-11.469716057949311,-28.985370121155736,-3.3412253964403122,BRCA
-14.82096831467859,31.011140136953166,81.30120475174668,PRAD
9.982555203581319,-15.969543686347125,-19.787509221758853,LUAD
15.631885718182462,-89.685348693713,31.96227385502148,BRCA
89.34061144159456,17.352064723246777,-22.372006814298814,KIRC
-6.1734563422818045,-57.06942736915837,0.4778936521218984,BRCA
-64.28552368089154,32.19424572805117,-57.10664613275261,COAD
-19.040340628849307,-3.045011097493809,-43.1929836328433,COAD
3.114014834242495,5.328505147202733,-29.515644006449754,LUAD
-18.928980196943936,-29.769523651878366,15.510994135399391,BRCA
88.76496604771567,26.7588781237368,5.4479906458919,KIRC
5.581100986010072,-67.37596534999112,11.996407280366029,BRCA
-32.053624208076755,-58.78530706309404,-21.97144715777995,BRCA
-34.38083210403468,11.36536417358194,-4.526376150972865,BRCA
-66.01068587456489,19.497896003195848,-56.782258829643624,COAD
-7.4924469626642525,38.43526524760148,-29.367555152230658,LUAD
-47.529484500737894,26.275788032921483,-58.13011047733395,COAD
25.967017526063586,57.94294250062434,0.663717548950528,KIRC
-20.93515682084522,33.93651268996779,83.33803309927548,PRAD
97.7116337765995,7.774372325057554,-4.936137851743141,KIRC
-16.6430152585957,9.800796571138326,-8.926425921368667,BRCA
27.789981883217774,-45.46490770691582,17.405340543068533,BRCA
92.1698952176223,25.80253289096347,-8.06175112093513,KIRC
12.638440304647542,-37.63769701341687,-25.599161659216026,BRCA
-85.36560347711196,26.014360959444318,-65.62149359802422,COAD
-27.37574782396046,25.164411923217124,77.3708521583288,PRAD
-15.911831676082109,-21.546555522007576,-48.53610951571602,LUAD
-40.23382854501908,22.12436734454855,91.20630172926347,PRAD
-54.34947083715992,67.59792153400826,1.6138512063416968,BRCA
91.54801281703084,15.509351952170807,-15.748825618508167,KIRC
-35.23629775649131,-6.4808345992539165,72.60660487229117,PRAD
-7.1204606481126245,-41.63027117113596,-9.799567574672183,BRCA
-63.27639220162861,12.107152855581068,-68.37431220658182,COAD
80.01826928283973,30.837997980290464,-21.66643739735224,KIRC
70.74800719532352,74.0916381225695,-4.144480686840342,KIRC
-66.67783361917883,12.510745652437722,-63.16420433237182,COAD
-63.300201663517775,25.168160802669025,-46.027106580819385,COAD
-38.54206477072048,47.1548128895807,66.45099086088263,PRAD
-14.112730795701667,-71.74625612174115,-0.736814176853054,BRCA
-62.7698052831845,53.45973612599445,13.93969752200668,BRCA
-40.06218069337905,13.814148631256922,-18.949294466999408,COAD
80.73796109009183,25.4143297792567,-22.619588620978888,KIRC
-53.82378540286443,70.86412539656067,-29.173204285895856,BRCA
-11.871293619260136,42.25593505775292,75.4353490007126,PRAD
-53.72545771428053,-3.686762290367049,-27.07531692760729,BRCA
-28.24112198534396,-46.60006818146009,6.452834175057742,BRCA
9.631473940540928,-76.384757243702,-8.023409694493658,BRCA
40.31759367589667,-0.4186557724004722,3.726975988988582,LUAD
-1.8713312566082523,-13.182063310705715,-33.50975211646151,LUAD
142.25039653577807,-101.37106784661951,-34.383380670973,KIRC
17.039065041714426,17.370059958738445,-22.420224309826345,LUAD
4.079699864545022,-34.06763610816044,-47.621914919994765,BRCA
84.7626328349875,23.238088094492348,-21.6363372395384,KIRC
-75.58371879473042,14.6928138249471,-58.02257014026508,COAD
-7.127605387098226,-46.01254281350825,37.39795622155302,PRAD
-29.328222443909134,-45.55702303773911,4.117393135781193,BRCA
-18.751203267645295,15.078632953887313,-47.07599700659124,LUAD
-9.400186756098593,4.988019751186143,73.80242250324208,PRAD
-33.27276711093402,12.054554531542037,29.36698663323096,BRCA
-71.55105222751865,60.65994966081837,-10.558003254347387,BRCA
3.545231091911707,-62.86101322021934,33.198537048803,BRCA
-19.04579724112934,28.293538359549537,-19.970547874797756,LUAD
5.204913026476985,-58.35353819795387,16.29431264321335,BRCA
-56.6987348381159,4.009616429622122,-30.576387319080876,BRCA
-9.242546722891209,35.565013123231004,47.57296171899495,PRAD
-26.744337788037278,-19.686109910855674,1.6610524069697532,BRCA
-21.57931619825628,11.508623183175098,84.29265989049509,PRAD
-39.631035826718595,5.699964974382968,-51.39752670295523,COAD
6.766274089106455,-66.5834650309291,-1.567875134163377,BRCA
-30.592005450965438,-31.94032106548703,-40.50802103945225,LUAD
-57.65036644249502,-45.75210435903957,-13.81718128544043,BRCA
-36.17454761302463,-47.65029152797913,-56.58494420330031,BRCA
9.20003823115569,10.308755990877165,-39.53891726180447,LUAD
-11.534841288106223,-40.64469941663334,-2.6840004729146485,BRCA
7.669136986633977,-18.61018289868471,0.03258031173988316,BRCA
25.579820861638087,-100.53793959298385,23.235969358656522,BRCA
69.42705940953587,50.8823232111444,-6.624266828159177,KIRC
3.8800333129881053,2.777833623417822,-12.883539773565023,LUAD
-0.3998808795496855,-28.35479575519223,78.9856194229976,PRAD
-13.3116729200605,-34.60056969918575,6.487802476923467,BRCA
-13.708908311326596,16.260070618509616,68.12994382597326,PRAD
64.74823822075676,72.9995233162799,-2.7553860674010915,KIRC
-36.901948313260995,30.08870521009558,12.777127468205862,BRCA
91.4873842397038,31.72673955833969,-3.2129230624528695,KIRC
-81.86920649936455,56.327778659006206,-69.93377169942754,COAD
-8.35162912533562,-92.26416364236765,-22.16651691224388,BRCA
-29.763068288985345,15.199634391237467,79.61921902075288,PRAD
11.45435249996955,-14.21537637571089,-37.01461608639492,LUAD
89.35770399846974,-4.469015504494192,-4.689911013470143,KIRC
-40.28262678249523,-36.9486820262559,4.462345872703633,BRCA
-11.618966582701143,-38.24080971726513,-15.562482831878595,BRCA
52.77715418053672,83.74683096707001,-15.346947377602543,KIRC
-7.588002443524105,-56.92942435415699,-16.469790367759817,BRCA
17.39880781335523,-19.141985340920243,-32.218935734071195,LUAD
-32.11977437265898,14.470016255995649,-24.301976613037567,BRCA
-11.245150099344198,-41.17618288474413,-32.93887118110124,BRCA
-24.630126468259096,-0.9433104210785456,71.69871577739191,PRAD
-95.75760163548716,52.09224771116478,-49.04206787616585,COAD
-39.584212241398944,-4.202754778533324,11.583394906838185,BRCA
34.28940679325462,73.91148580256636,1.9771537968074644,KIRC
3.513476672278562,-12.905335687406712,-25.852223854380735,LUAD
-59.82053716344406,90.70309994478797,67.56939618794794,PRAD
-60.067458053716564,-9.863841081226534,-17.477815218791978,BRCA
-56.30596531603554,27.259685682226653,51.225780545536594,PRAD
10.392108601597672,-57.52061326903957,11.093629854053596,BRCA
6.863301333109812,-65.18915789724633,29.74349471248003,BRCA
17.487735072625693,-73.08845376250015,-39.723117514918,BRCA
-1.9439191139343637,-50.38296717099937,6.0180712866388015,BRCA
65.45087617142589,52.58927857699237,-6.137669370825434,KIRC
44.371197645473316,-32.844628944098595,-9.264739969405175,LUAD
-2.558304863878552,13.488127383863574,13.963374224022848,BRCA
92.04759689396356,18.330225091546218,-7.5225697282708355,KIRC
9.48977080427914,-64.83643840989683,3.7847220753535855,BRCA
-7.276345935390056,-60.494582133571456,11.427065253399638,BRCA
-26.604336083059945,10.063887696658224,-45.45082956054672,LUAD
26.392019025138303,7.58968267625253,-26.27968868682752,LUAD
53.50826346085722,52.171603454273836,-28.02953736263286,KIRC
-45.07094014954838,23.73216299692829,-48.79509927361062,COAD
-13.461610203433619,-17.840754367959914,77.43052250871109,PRAD
-62.065367357987675,8.937640089903734,-52.873226918488314,COAD
-18.787054543974623,-6.610877156836792,14.876811754949284,BRCA
102.85221302519992,8.843115949928723,-11.788846349217593,KIRC
98.96936402113518,9.25394676738499,0.36047194971113256,KIRC
-36.13879753049587,23.23302207210053,29.337630548414364,BRCA
-4.669093793836966,14.882746389954411,76.93593103783923,PRAD
94.56883100184824,25.534151302634605,-6.578538774541903,KIRC
-17.96148713394006,36.79475073140085,-39.23041109613399,COAD
28.93282267163833,-13.948249129502546,-23.334902086349004,LUAD
-21.581113621708685,11.20131425373131,-32.97466764451909,LUAD
-27.961575505032368,-75.79767411407647,-9.510999227908487,BRCA
-14.607970969900508,9.516607098640927,82.28737222242303,PRAD
-16.63584788303241,-8.052776143446263,68.7026482902906,PRAD
-12.534860744411676,-14.962878187155033,-25.026672483579347,BRCA
-15.149142514982469,-24.334302927721428,60.389743401678956,PRAD
23.91408221699201,-31.75883300339613,-31.188474280191933,LUAD
69.78269934168208,58.27502057394564,-15.13855467023437,KIRC
-10.080878083010415,-20.367376084717602,54.47325008846786,PRAD
-16.21998963400092,-6.980815775039036,20.821156185951722,BRCA
-49.91968917877843,50.459449348261764,-24.330460904232407,LUAD
-14.626454689207627,-23.498779611563965,55.841758817280805,PRAD
-48.98079916874118,56.692752161087355,-22.344320688746237,LUAD
13.94229630206085,-50.993964194563645,19.43996580606693,BRCA
-20.947790614588836,-37.29294147570435,-6.4702450632522295,BRCA
-56.698971344775565,13.430791742543075,-66.42072957444638,COAD
-15.949595416882511,41.066678131656765,-52.42721638653944,LUAD
91.29280734609425,39.24597716571838,-2.8727150704977795,KIRC
-58.75380827727374,9.566391414049768,-68.33815914650948,COAD
-19.274283658700796,23.657899779753077,-33.96144489507588,LUAD
-35.18063616705514,-17.211784136702295,20.69108198559602,BRCA
-40.971362104626,34.257386763073995,88.67390511239972,PRAD
-19.629820993989533,57.88516228073353,-15.304413163032327,BRCA
20.002986755021656,-15.38392622992765,6.056012750962802,BRCA
4.3224856403664695,-15.392185738107404,71.33447243993899,PRAD
6.561409294274637,-63.48815120985183,19.806930706771595,BRCA
-64.55206545101466,1.230690285101274,-46.4770840291835,COAD
10.47075297079529,-56.68761223561613,-2.743546451455162,BRCA
-85.41470584285996,59.307360801721025,-68.46567369311958,COAD
83.22675591451201,34.140254115983744,-23.35953455727257,KIRC
-13.502829754762708,-71.79453881776338,31.251869165441565,BRCA
3.7250734652423967,-69.27349160569344,18.018372166813997,BRCA
-44.62880650355034,-2.3488316749728106,-46.95489551420624,LUAD
-20.59730134682062,-29.550132045026675,-25.76515952821281,LUAD
26.46031136908057,-30.525744330051722,-32.76920225374818,LUAD
-27.74260336631627,23.493621060498814,-56.05659820986845,COAD
99.28998973260285,-1.1134703999678743,-9.90978310601047,KIRC
7.846580225516635,-13.848482280879983,-31.62313161875238,LUAD
-11.905805612439996,47.23521512354032,-25.931674671851216,LUAD
6.133620892219665,-64.62540439815035,27.013194480024605,BRCA
-0.24587184882516555,-35.321459090593954,13.920475353784889,BRCA
32.30140900866833,7.367905944626787,25.936444856912964,KIRC
16.621618870336764,-23.197167039862254,70.42229601454518,PRAD
-29.314221527796843,39.79599372869153,-33.92482285157353,LUAD
5.958958941444359,-18.446974833172938,71.12149884851101,PRAD
-28.162024072424312,-25.700869806951616,31.922162638521918,BRCA
117.177862820901,-27.87226663569347,-7.939642552562672,KIRC
-64.54036379583071,-36.914783839684844,18.04294531283419,BRCA
68.12690961642289,48.230693966416716,-12.07448991693395,KIRC
52.83501984893459,84.74912579660311,14.329755435743202,KIRC
-37.69315963992289,59.36232959469033,50.70121142147905,PRAD
-13.03531184668175,4.079068117483678,68.02929485233004,PRAD
24.208475604665036,-12.260310392144149,-28.65748510176389,LUAD
-13.032920103674629,-9.111734117456002,6.129173685136056,BRCA
44.45022254248653,34.271828897842305,-2.6072882226154754,KIRC
-67.99431726279131,21.32327889995663,-36.25668633621538,COAD
-48.515517137592774,16.70984407536051,-69.64029976878403,COAD
-17.422582528638717,-57.832195926490314,-35.21868874352942,BRCA
94.65901780742236,12.155243065911241,-11.035304741211656,KIRC
98.40739157304337,-3.25425021379286,-12.769496334056152,KIRC
27.765251278692325,-67.14502214009629,25.305239726767862,BRCA
-16.655127899632596,-8.013309195663107,-7.88228428594522,BRCA
-2.1250689928402475,-13.176252665882137,57.42990360683746,PRAD
57.821895969823956,33.933691828057256,-40.345489391619566,KIRC
-30.89615365634518,15.215650259603844,-43.201287304708494,COAD
4.952141704591257,1.115015507336499,3.8902604100544393,BRCA
-20.356096988042243,-30.376040445961443,-27.45204012540716,BRCA
-54.94056164679977,39.24549139595435,-56.89969570571939,COAD
-15.050744900860463,15.781028260475468,-36.04376794089927,LUAD
10.741596621698928,-49.42357889302465,15.170351201237937,BRCA
8.022046514148316,-9.956595268794892,10.252892925419417,BRCA
-23.545754548618977,-38.93866131889578,7.587446412202129,BRCA
96.43078306749136,25.784687047990438,-16.194203358091098,KIRC
-16.836681243259683,-24.63651227266858,73.51215063944318,PRAD
-29.176241701982637,22.137370588774225,-5.240627733890717,LUAD
10.263724222594332,7.476613045665069,-16.256872679302948,LUAD
-55.192234442074884,-10.591826785961663,-3.6857348549056006,BRCA
68.61435958319923,59.05475734494764,-9.313298201501027,KIRC
-69.25225208611428,13.577005505858995,-55.3676347220784,COAD
86.61160082214725,20.370627305409723,-23.59203089247716,KIRC
104.40480568458854,5.175371189539103,-6.888758102891752,KIRC
-48.13560759493261,0.16668987811581906,13.105434742386642,BRCA
-8.428096952924037,33.41966179114139,56.08638606101538,PRAD
-25.084193374095882,34.961407324920955,-62.577357483807894,LUAD
92.92400951052157,39.24508036462387,-1.2093517065101667,KIRC
-41.56632226375988,-42.56285514306416,-18.99130844168959,BRCA
-73.82474678953288,10.365555534906902,-55.105928212528745,COAD
-29.560222028135396,49.83081782659926,-34.48292424129399,LUAD
8.985033087117204,15.725482895594906,2.735194216820814,LUAD
-12.805668747641334,12.342564796342536,-48.388105813501284,LUAD
6.557666627790869,-4.753124253820587,73.40440218785679,PRAD
-6.737183482161485,40.51709309674402,-38.79841163927968,LUAD
69.52101607068066,61.293656373912505,-9.311275697770602,KIRC
-5.322651931831857,-67.14558881945494,17.33430370303448,BRCA
32.49110914138464,-31.038036933701317,18.16781305380489,BRCA
-65.26202415479172,8.85329690104314,-61.75228354275655,COAD
-16.669705903346905,30.08191208144582,70.4033678080834,PRAD
-18.505672395907723,-34.06642608075323,-54.27891843086042,BRCA
30.02674548792198,-24.393020136903708,19.756386857781855,BRCA
-26.782411588995075,-50.165495795351845,-36.21745826468616,BRCA
103.37481849138196,0.4417560239762648,-5.83708637952277,KIRC
5.264155411563367,33.204314552123215,-30.563824118347302,LUAD
-30.365663825734593,26.58155294836915,-46.04637858059816,LUAD
-39.577092379560874,7.313396947328086,-27.428114540079285,BRCA
-26.560407899269773,0.29325887745722556,73.377878604267,PRAD
-29.293017913150493,13.759415795387218,-28.516909523128493,LUAD
7.4735351699308055,-28.547622541241203,-35.46855516674895,LUAD
-12.276434108518872,-57.11791026694767,10.624451149090406,BRCA
102.50572823925347,12.046631739297265,-11.28328082975101,KIRC
-30.31716493127605,-7.842243042500206,91.51525803005747,PRAD
-78.461134890367,44.39502982926932,-55.36881579084283,COAD
-14.113982712002823,38.329800327062635,-76.03724994486413,LUAD
9.752223802530882,-6.3655201463275,57.87756671019393,PRAD
-49.54697826466584,-2.9684861127359614,-73.70533301924877,COAD
12.810104747686013,24.88132499212487,15.403168717045608,LUAD
-81.02862061476037,41.53318820367512,-67.95046589360837,COAD
77.50977716539747,24.2624034563105,-20.770204406952278,KIRC
60.19073504624972,55.94011641040736,-17.03208555650466,KIRC
-11.283637857859125,-67.0584043729779,-61.26213237859467,BRCA
-31.44276682952344,-39.402964175127686,11.279670717185482,BRCA
83.49527386094367,32.34734093283053,-4.65237225053025,KIRC
52.58349365925817,74.65960394000413,-12.269214879135506,KIRC
-39.755775116352034,-0.7472642857603953,-54.82934138616484,COAD
7.407730424524023,-46.61727814497488,-5.777931712484797,BRCA
-2.9202867513677817,-12.503453915895344,-52.17030192721845,LUAD
-31.24104748752741,0.4013313025042974,74.55636131444928,PRAD
-63.7120619452725,39.23563570310452,74.44931845175034,PRAD
110.88189797493057,-12.055118289146247,-6.736510494030073,KIRC
-31.010672224430568,-48.04139198951647,11.423571926537111,BRCA
-4.606772079301897,12.089940516862226,-20.553943343287344,LUAD
28.81285378907148,-48.179294628626884,-40.43402403930214,BRCA
29.413400280535168,-16.560118617517116,5.6756177412953175,BRCA
-49.89449118174775,8.75085587140711,-57.82999976591621,COAD
-7.387084308766752,1.025137973584352,21.56899319079816,BRCA
-58.957478276858694,62.84968564860342,89.02025749366429,PRAD
-17.29922943294598,18.84967500746359,85.37041460331324,PRAD
-2.6541455147394726,-10.16748707432531,-40.854818508084016,BRCA
18.194911472267627,-78.39148629854158,11.185091430682059,BRCA
-88.61089076109653,44.751493466914845,-71.4592199806052,COAD
-29.402867981251216,-63.207960143676075,13.824271826145184,BRCA
56.86394885101715,77.7778015189069,-19.256437811752203,KIRC
-23.33404738916072,-52.80503455836979,-53.1979865747412,BRCA
5.13052493765068,20.46555604222593,-14.419895043764383,BRCA
-18.743397223988353,10.39168593200472,-47.01712046312178,COAD
0.4187022452926678,-37.297131888500715,30.20349207027448,BRCA
3.77270862341578,26.27422341805572,56.848759500575945,PRAD
-35.06120951312616,9.402151185619548,14.773125253169075,BRCA
-15.79902529294167,-58.99275467315441,-58.75211951566428,BRCA
41.63691250533913,95.09881279379135,-16.66707993971423,KIRC
-40.76093328903015,38.62944030074832,88.29920977162215,PRAD
-19.78221022925879,-13.4562912026805,-47.11705600197894,LUAD
17.575264333878106,-42.99445002044365,-0.03777148506240866,BRCA
-3.3295829457694213,-64.78545701342496,4.459460288040509,BRCA
65.02266927608927,22.56883982210085,-10.434548449161314,KIRC
-23.104776393375996,-13.87394685988986,-49.20119814301766,BRCA
-7.737080942742463,-45.6333622859616,15.02927803628973,BRCA
15.78113964668623,-28.49078885808937,20.94534394865221,BRCA
44.37062755612205,-59.37030308411491,24.706878174753797,BRCA
-114.44492253778994,76.49692225909092,12.51362317593908,BRCA
-44.42025017192467,3.3990483562772917,-65.47078995871573,COAD
25.21599492894762,32.872826653454226,1.5074793477180815,LUAD
-5.270503669831055,19.39086110906907,-14.42841821030269,LUAD
-28.816356166148452,42.918185478293346,-35.8253865127848,BRCA
-6.895380647948343,-66.96567467058374,-2.59383340906331,BRCA
-39.63822575126248,-58.212185723684385,-50.40162657287293,BRCA
-6.484237556277141,25.547567994856156,81.9265756671629,PRAD
-33.2962719043791,-43.318099168770736,-15.528802171767305,BRCA
-16.910827620547135,-51.006944973623064,-5.423642292260948,BRCA
88.66281278100375,17.88135996368325,-3.703600576565775,KIRC
-17.52153010705559,47.74912906746206,-3.01134974730718,LUAD
20.139655577998795,-27.66948861416828,-18.86071772156486,LUAD
88.6845720387664,31.772299848054207,-2.510578368853908,KIRC
94.3209563097236,12.104909595878038,-14.69478546442348,KIRC
-2.0224630023217185,19.366545651693006,-37.4861088709658,LUAD
32.44157343224631,79.91033734636493,-10.66654081277752,KIRC
-78.25573347229822,18.773117310132378,-57.997152327753575,COAD
12.528001544798967,-18.12129361736616,33.027997718510676,BRCA
-86.18955609873119,39.10754489772139,-57.730567523313866,COAD
112.94496285714494,-0.7908479662855874,8.515114637322807,KIRC
-0.8977994834897359,-76.32632336673046,26.283570549773316,BRCA
4.8174324590546815,-65.21300891964356,9.792717496332266,BRCA
-8.357210549074136,17.316531142396503,65.37710215882069,PRAD
-2.3093957786865924,-19.640815265440907,70.64772872513734,PRAD
-56.881632396534485,9.013292346529916,71.82376655948691,PRAD
11.650794667644135,25.874107277849113,-26.07371197898382,LUAD
-34.680385592799134,35.919170538191416,87.16471272742486,PRAD
-18.0178092220344,-27.919469712024103,79.60197334164522,PRAD
-76.03852891492292,1.8385699244876055,-66.64180745714954,COAD
-25.424897718974407,-59.700001627201324,28.623173371494612,BRCA
26.68510019334762,-65.13238899982817,9.955203870303652,BRCA
-51.65977860175429,20.909132672104167,-51.63872363452611,COAD
-30.00662801538173,13.51444732028961,-20.548596725800003,LUAD
74.12683355358199,27.53480110809243,-28.888158253021075,KIRC
4.868586137275518,-50.48516078434834,6.666535787899449,BRCA
68.61334708845153,47.04383170961704,-26.984242491568985,KIRC
-63.88171605624388,16.40994712040652,-44.297286880333836,COAD
21.88923814546103,-36.23709132740385,17.978489819602608,BRCA
9.533320822486498,-60.76338395316144,15.537819978846333,BRCA
-11.896444751783333,14.719734544881618,7.3280696465098965,BRCA
5.0200588982982985,-42.470105867878,70.8272157032989,PRAD
13.537751144991988,20.293301445762836,-9.843587479945695,LUAD
86.64048930499831,7.58813340282082,-25.123399501314253,KIRC
4.967501117933747,-62.907222581439335,24.82559729788993,BRCA
5.602172683709389,-44.65920056709029,25.738773603086337,PRAD
26.945759830021956,63.02731493285303,-35.31682524108441,KIRC
-25.60368206642938,10.361279752565753,66.59501681862538,PRAD
5.32166987325184,-32.37700433915351,23.572391134767052,BRCA
-6.006729972652108,34.27806573139647,-57.40189047713366,LUAD
64.53226517481924,60.74208544066744,-13.925243040659078,KIRC
-23.87661139285943,25.117790383695212,69.45466184071796,PRAD
24.880320620863824,32.99546669699675,-4.797391797627029,LUAD
-1.0394753213654546,9.594483642761992,63.14091228772943,PRAD
-6.386872064030571,25.61459806760632,58.07462645058835,PRAD
-96.56014136197494,65.30042440894435,-24.46673625803832,BRCA
90.34676784205661,51.232574280219126,0.7242538168649284,KIRC
-20.795521993550505,31.367171760035276,80.1541593537466,PRAD
1.8773809096471876,35.9426646615519,-29.664188456492482,LUAD
-54.53133217505534,10.229490411532971,-57.77834392847099,COAD
-33.706618025683916,20.68067732879759,-43.248501785191856,COAD
13.48927710018181,-131.58412913235108,-0.2841124854662036,BRCA
1.8786178403578098,-22.01529489056781,17.0163822590601,BRCA
-9.558242137479931,-53.384911062461924,3.878555543266651,BRCA
-3.867452153161038,-19.9767120147405,-21.06216026579039,LUAD
89.61488894817026,15.976653605496963,-16.071141052023403,KIRC
60.809923906619154,65.5150970234609,-1.5082983265740553,KIRC
85.07106406194393,28.329216114443668,-0.2536333293131592,KIRC
-25.84289465828557,-17.952773588129542,14.738871651633616,BRCA
0.7070129178946637,-2.992158359220366,-34.31547719707984,LUAD
102.39747569504291,11.055189631531954,-3.6727012745276815,KIRC
-12.337671080662306,-0.6185011383127894,74.10245329834797,PRAD
7.576839918630719,-55.6979974914688,18.02640083523431,BRCA
-4.973037508572467,23.094667234057503,-20.831471051302238,LUAD
-56.36374313505743,95.69210731729703,100.17241636628816,PRAD
26.427965945414922,-59.4261354521552,9.847679482520055,BRCA
-51.27739819418206,13.852998577948314,68.61406799962002,PRAD
-43.10858610666686,-38.72874042320753,-10.806907621878098,BRCA
55.61605803075289,87.99311414485447,-1.4865630033291077,KIRC
-27.699768953263483,-19.789121757457547,-40.78766026215039,BRCA
15.531628357528207,1.4231210388260198,-17.12925220998014,COAD
-15.160963680809608,1.2236850580430807,74.86994668982621,PRAD
-2.582946105330058,27.28107320921042,62.88901003430006,PRAD
104.75452817611074,0.20729823963566293,0.6756971355589484,KIRC
10.026205394353834,10.643522422826301,49.15894200599114,PRAD
34.57194119961666,95.45198719299918,-20.967957011825494,KIRC
1.2201515752748608,-64.04228698220739,-1.1658046699905154,BRCA
2.888213548334826,18.861976280459924,-17.654016383598083,LUAD
5.052774134835295,21.806029838708916,-37.845416636824964,LUAD
-22.345286048356726,-30.378005629150227,-19.003651507586245,BRCA
-44.33978594089208,94.10438720944398,13.569627281824582,BRCA
78.69814953764174,36.259330449572545,-19.092072665573852,KIRC
2.584358821777842,-45.248064550287815,-2.0826400288364093,BRCA
-38.949307050889686,16.071440587360875,13.7544689603339,BRCA
40.90740223850643,-76.5024881810421,25.670209085590052,BRCA
-51.253080444614056,0.3861070421447962,-19.034305847287065,BRCA
80.65602932269545,45.934501176127604,-2.017497119566774,KIRC
55.590703019786666,98.81919757034566,-6.279743953210416,KIRC
-2.374869683721727,20.02561564304703,74.19280244054822,PRAD
-54.87323254963059,4.650012537790552,-55.08302446985851,COAD
93.70300521894002,15.873980388276221,-2.597848078338041,KIRC
-38.006384987921585,13.922856947830404,-40.733726517685646,BRCA
-26.013811188949763,89.67602180743636,10.416628076453858,BRCA
60.74302843534188,38.35414682805154,-28.14100973141619,KIRC
1.1332704827823576,-57.87867062359977,-12.385394275019213,BRCA
9.913975691353187,2.141982863885155,-43.30000669169876,LUAD
-25.532847834227876,-24.26947018964488,-19.218240468061413,BRCA
-39.85793972118374,-18.961422491361457,-2.334992799774879,BRCA
22.88841029263071,-35.80994213777267,56.5162265147479,PRAD
-27.080080206106725,64.21865067538457,16.122630203595484,BRCA
-32.080720601465494,5.183525895536158,74.38849141882031,PRAD
-23.46897926202684,0.11333144495376374,19.412031774436365,BRCA
-96.41886566986383,18.540114808661738,-72.30562940947594,COAD
-6.680486446786619,-21.530485051388357,11.62539118251911,BRCA
-25.95900484473138,-48.77905148438883,2.9415875581630235,BRCA
80.99612760331144,-8.36136066237053,-31.247196906347934,KIRC
-11.288032015322981,-15.003974256371054,-26.284343173538126,LUAD
-23.918862930654097,-43.97838216464305,-3.1246682234924883,BRCA
-12.137627393456626,-49.680224105799454,-35.63845031922996,BRCA
-4.626584243977461,-11.590461322588055,85.43041769026951,PRAD
-2.2542887251022465,-67.61962209490378,5.662141377324729,BRCA
-29.334163998280054,34.65435004129526,65.90186207416984,PRAD
4.113329423742982,4.510850253368807,-49.16246145340114,COAD
-3.5662399490032084,-72.44490986278755,19.523614963453607,BRCA
-18.420494981749357,2.769611106075287,8.013716044716606,BRCA
4.301458117601029,-43.383013286616965,16.200070668751504,BRCA
18.13638516689662,-14.317592602385327,-32.36945030166429,LUAD
19.840168696096892,-121.23633703643964,-20.974003665599916,BRCA
-18.20123477180877,26.463713734539834,-20.8572422734041,LUAD
-16.31347440990103,5.625864650895694,-4.865074424102581,BRCA
12.856652352486492,-8.723546584246817,-13.222954820941146,LUAD
59.194537028298335,65.1884507759357,-16.28054098532534,KIRC
94.2252603048471,21.558268098804934,-14.603067474499763,KIRC
-38.56345394433247,-7.018863433327245,-50.45026739329688,COAD
-24.53101845532125,8.491344603491022,-32.92465313611929,COAD
18.582733943475088,-74.5177939869584,16.946536288071957,BRCA
38.91211600602476,-45.597147410950534,21.745367448223675,BRCA
-17.24731798679304,-32.471285527769126,11.244324528461435,BRCA
-35.91148972036597,13.495305793930202,-20.10323779320547,LUAD
30.344103906522896,-46.74616655657934,10.408838735063917,BRCA
-10.522019605174425,8.04334474955743,-28.58742526373074,LUAD
25.451481252230607,29.257573992087842,-38.35052515566434,KIRC
-6.033064537084579,-2.322633127742683,-1.379373632488491,BRCA
10.508868020055207,14.22428447847699,-53.7919283098983,LUAD
53.436032214573544,89.34232184997917,9.532354962202774,KIRC
-38.172675914934956,14.324807866776649,-46.081999610740866,LUAD
-2.569646566214602,-8.347761041485375,-36.31418770333732,LUAD
-25.72947725130822,23.00811048750301,-31.82373065757547,LUAD
97.73955824490919,9.591400187770061,-10.671234061762014,KIRC
21.912060343543214,-50.278525936191855,-9.727948068858057,BRCA
-102.65683618612067,95.84843167072184,74.78557549085822,PRAD
-32.494000039089606,-13.252540317804383,-42.797910694523424,BRCA
-38.55663238977229,-3.0194364671672944,11.70821897182884,BRCA
76.99634489503184,29.514329773822855,-18.347100028690484,KIRC
-18.70982064365783,-72.31824712208683,6.206762526369906,BRCA
-24.94870041936378,-39.67367603076471,60.65599600232742,PRAD
14.860838065454102,47.42027316537188,-4.745119079491928,KIRC
-15.457244313402978,-52.00043887878399,-8.174972729201913,BRCA
25.99243901187053,-85.19618493776038,4.370431549376009,BRCA
-17.617694767957687,-77.49203195190556,14.194501541099013,BRCA
-28.518860824140678,-47.55303488357494,16.69559875342263,BRCA
-9.920445884124323,-22.87851485956983,70.18185172884988,PRAD
28.321396021557284,-24.369600916031548,-15.744933016080603,LUAD
-12.417385145813,-42.32157305607571,28.109566155705494,BRCA
-29.415554283043193,28.52628068336505,-15.956630812601217,LUAD
-4.133089741645262,15.6900143587534,-22.644453511747166,COAD
-30.814757445363508,33.52642241616671,70.56563578092818,PRAD
-22.344556661419084,4.052356158262602,32.327875708102354,PRAD
