component_number,explained_variance_ratio,explained_variance_percent,cumulative_variance_ratio,cumulative_variance_percent
1,0.10539781350598708,10.539781350598707,0.10539781350598708,10.539781350598707
2,0.08754232469325539,8.754232469325538,0.19294013819924247,19.294013819924245
3,0.07810081050819297,7.810081050819297,0.27104094870743545,27.104094870743545
4,0.05165646999617299,5.165646999617299,0.32269741870360846,32.269741870360846
5,0.040289316608135145,4.028931660813514,0.36298673531174364,36.298673531174366
6,0.029208813062974705,2.9208813062974706,0.3921955483747183,39.21955483747183
7,0.02354735187559783,2.354735187559783,0.4157429002503161,41.574290025031615
8,0.021452990923784616,2.145299092378462,0.43719589117410074,43.719589117410074
9,0.016320013547177933,1.6320013547177932,0.4535159047212787,45.35159047212787
10,0.012338994919746247,1.2338994919746247,0.46585489964102494,46.58548996410249
11,0.010540955326266008,1.0540955326266008,0.476395854967291,47.6395854967291
12,0.00894551568640767,0.894551568640767,0.48534137065369864,48.53413706536986
13,0.008504326500200816,0.8504326500200816,0.4938456971538995,49.38456971538995
14,0.007529839092070279,0.752983909207028,0.5013755362459698,50.137553624596976
15,0.006666106245982326,0.6666106245982326,0.508041642491952,50.8041642491952
16,0.006469395972095683,0.6469395972095683,0.5145110384640478,51.45110384640478
17,0.006086145452390455,0.6086145452390456,0.5205971839164383,52.05971839164383
18,0.005850606234886229,0.5850606234886229,0.5264477901513245,52.64477901513245
19,0.005293659077086892,0.5293659077086892,0.5317414492284114,53.17414492284114
20,0.005154895671238728,0.5154895671238728,0.5368963448996501,53.68963448996501
21,0.004892586425406192,0.4892586425406192,0.5417889313250563,54.178893132505635
22,0.004658336559004189,0.4658336559004189,0.5464472678840605,54.644726788406054
23,0.004549982162923401,0.45499821629234005,0.5509972500469839,55.099725004698385
24,0.00447636063857493,0.44763606385749305,0.5554736106855588,55.54736106855588
25,0.004248685259691354,0.4248685259691354,0.5597222959452501,55.97222959452501
26,0.004181383719950263,0.4181383719950263,0.5639036796652004,56.39036796652004
27,0.00402426549234646,0.40242654923464594,0.5679279451575469,56.792794515754686
28,0.003936070004167609,0.3936070004167609,0.5718640151617145,57.18640151617145
29,0.003904007646285483,0.39040076462854834,0.575768022808,57.576802280799996
30,0.003586874297105578,0.3586874297105578,0.5793548971051056,57.93548971051056
31,0.0035758287292435523,0.35758287292435526,0.5829307258343491,58.29307258343491
32,0.003499781070912524,0.34997810709125243,0.5864305069052617,58.64305069052617
33,0.003373385274287937,0.3373385274287937,0.5898038921795496,58.980389217954965
34,0.003325228170597157,0.3325228170597157,0.5931291203501468,59.312912035014676
35,0.003246701423352542,0.3246701423352542,0.5963758217734993,59.637582177349934
36,0.0032012532504324923,0.32012532504324925,0.5995770750239319,59.957707502393184
37,0.003092210167857391,0.3092210167857391,0.6026692851917893,60.26692851917893
38,0.002951942088198785,0.2951942088198785,0.6056212272799881,60.56212272799881
39,0.0028502639764104018,0.28502639764104015,0.6084714912563985,60.84714912563985
40,0.002803980485900418,0.2803980485900418,0.611275471742299,61.1275471742299
41,0.002771373215155351,0.2771373215155351,0.6140468449574543,61.40468449574543
42,0.0026894489314624086,0.26894489314624087,0.6167362938889167,61.67362938889167
43,0.0026604203387062056,0.26604203387062053,0.6193967142276229,61.93967142276229
44,0.0026104142163929627,0.2610414216392963,0.6220071284440158,62.200712844401586
45,0.002588623631756483,0.2588623631756483,0.6245957520757723,62.45957520757723
46,0.002555679891667289,0.2555679891667289,0.6271514319674396,62.71514319674396
47,0.002522403110659568,0.25224031106595685,0.6296738350780992,62.96738350780991
48,0.0024916980118366793,0.24916980118366794,0.6321655330899358,63.21655330899358
49,0.0024381438386307714,0.24381438386307713,0.6346036769285666,63.46036769285666
50,0.0023786018783730784,0.23786018783730783,0.6369822788069397,63.69822788069397
51,0.0023377895268554437,0.23377895268554436,0.6393200683337952,63.93200683337952
52,0.002296843943129787,0.2296843943129787,0.641616912276925,64.1616912276925
53,0.0022677922593104614,0.22677922593104613,0.6438847045362355,64.38847045362354
54,0.002249091616509626,0.22490916165096259,0.6461337961527451,64.61337961527451
55,0.0021746679454336783,0.21746679454336784,0.6483084640981788,64.83084640981788
56,0.0021495716859227477,0.21495716859227476,0.6504580357841016,65.04580357841016
57,0.002130736395117131,0.2130736395117131,0.6525887721792187,65.25887721792188
58,0.002107606943022722,0.2107606943022722,0.6546963791222414,65.46963791222414
59,0.002048048577367868,0.2048048577367868,0.6567444276996093,65.67444276996093
60,0.002042409919144211,0.2042409919144211,0.6587868376187535,65.87868376187535
61,0.0019985732368689056,0.19985732368689055,0.6607854108556224,66.07854108556224
62,0.0019763057276264177,0.19763057276264176,0.6627617165832488,66.27617165832488
63,0.001973228861514826,0.1973228861514826,0.6647349454447636,66.47349454447637
64,0.0019486534370693133,0.19486534370693134,0.6666835988818329,66.66835988818329
65,0.001924929764941075,0.19249297649410751,0.668608528646774,66.8608528646774
66,0.0018428202311738576,0.18428202311738576,0.6704513488779479,67.04513488779479
67,0.0018215393376261808,0.18215393376261807,0.6722728882155741,67.22728882155741
68,0.0017940744724239098,0.17940744724239097,0.6740669626879979,67.40669626879979
69,0.001768266251102869,0.1768266251102869,0.6758352289391008,67.58352289391007
70,0.0017625440325553525,0.17625440325553526,0.6775977729716561,67.75977729716561
71,0.0017251388797284162,0.17251388797284162,0.6793229118513846,67.93229118513847
72,0.0017072064131927577,0.17072064131927578,0.6810301182645774,68.10301182645773
73,0.001694420038882676,0.1694420038882676,0.68272453830346,68.27245383034601
74,0.0016817686041120032,0.1681768604112003,0.684406306907572,68.4406306907572
75,0.0016479966486940046,0.16479966486940045,0.686054303556266,68.6054303556266
76,0.0016301324687025404,0.16301324687025404,0.6876844360249685,68.76844360249686
77,0.0016005727497632538,0.16005727497632538,0.6892850087747318,68.92850087747317
78,0.0015743794375311247,0.15743794375311246,0.6908593882122629,69.08593882122629
79,0.0015588528118734677,0.15588528118734676,0.6924182410241364,69.24182410241364
80,0.00154812034840866,0.154812034840866,0.6939663613725451,69.3966361372545
81,0.0015283443771566887,0.15283443771566887,0.6954947057497017,69.54947057497017
82,0.001501236071524573,0.1501236071524573,0.6969959418212263,69.69959418212262
83,0.0014917648984934314,0.14917648984934315,0.6984877067197197,69.84877067197198
84,0.0014840690845416755,0.14840690845416754,0.6999717758042614,69.99717758042614
85,0.001442230983072148,0.1442230983072148,0.7014140067873336,70.14140067873336
86,0.0014386677208768032,0.1438667720876803,0.7028526745082103,70.28526745082104
87,0.0014367114000269896,0.14367114000269895,0.7042893859082373,70.42893859082373
88,0.0014214538845527616,0.14214538845527616,0.70571083979279,70.57108397927901
89,0.0014027184247058025,0.14027184247058025,0.7071135582174959,70.71135582174959
90,0.0013930576077456546,0.13930576077456547,0.7085066158252415,70.85066158252415
91,0.0013802694261911242,0.1380269426191124,0.7098868852514326,70.98868852514326
92,0.0013629721676678879,0.1362972167667888,0.7112498574191005,71.12498574191005
93,0.0013570091972266044,0.13570091972266043,0.7126068666163271,71.2606866616327
94,0.0013442269079157027,0.13442269079157027,0.7139510935242428,71.39510935242429
95,0.0013314546564938236,0.13314546564938237,0.7152825481807367,71.52825481807366
96,0.0013108200615114599,0.13108200615114599,0.7165933682422482,71.65933682422482
97,0.0013037225599683653,0.13037225599683652,0.7178970908022165,71.78970908022166
98,0.0013031763508302547,0.13031763508302546,0.7192002671530467,71.92002671530467
99,0.0012768498297585484,0.12768498297585484,0.7204771169828053,72.04771169828052
100,0.0012636487869636854,0.12636487869636853,0.721740765769769,72.1740765769769
101,0.0012631590745995614,0.12631590745995613,0.7230039248443685,72.30039248443686
102,0.0012481910831863478,0.12481910831863478,0.7242521159275548,72.42521159275547
103,0.0012445879868528326,0.12445879868528327,0.7254967039144076,72.54967039144076
104,0.0012266675524414434,0.12266675524414433,0.7267233714668491,72.67233714668491
105,0.0012143551538141225,0.12143551538141226,0.7279377266206631,72.79377266206632
106,0.0011976051009023382,0.11976051009023382,0.7291353317215655,72.91353317215655
107,0.0011964426557391653,0.11964426557391653,0.7303317743773047,73.03317743773047
108,0.0011801732979376995,0.11801732979376996,0.7315119476752424,73.15119476752425
109,0.0011709248358222099,0.11709248358222099,0.7326828725110647,73.26828725110647
110,0.0011629886263818032,0.11629886263818032,0.7338458611374464,73.38458611374465
111,0.0011563293496599232,0.11563293496599232,0.7350021904871064,73.50021904871063
112,0.0011453003511638891,0.11453003511638891,0.7361474908382702,73.61474908382702
113,0.0011308943544022204,0.11308943544022204,0.7372783851926724,73.72783851926724
114,0.001125303830640746,0.1125303830640746,0.7384036890233132,73.84036890233132
115,0.0011203448637366479,0.11203448637366478,0.7395240338870499,73.952403388705
116,0.0011024796804559684,0.11024796804559685,0.7406265135675059,74.06265135675059
117,0.0010943802036210938,0.10943802036210938,0.7417208937711269,74.1720893771127
118,0.0010859608085762738,0.10859608085762738,0.7428068545797032,74.28068545797032
119,0.0010842251398535648,0.10842251398535648,0.7438910797195567,74.38910797195567
120,0.001074022563158569,0.1074022563158569,0.7449651022827153,74.49651022827153
121,0.0010720876539613612,0.10720876539613612,0.7460371899366767,74.60371899366767
122,0.001055289793516198,0.10552897935161978,0.7470924797301929,74.70924797301929
123,0.001050741429449566,0.1050741429449566,0.7481432211596425,74.81432211596425
124,0.0010401226842164028,0.10401226842164028,0.7491833438438589,74.91833438438589
125,0.0010358383283333426,0.10358383283333426,0.7502191821721922,75.02191821721922
126,0.0010242773451386836,0.10242773451386836,0.7512434595173308,75.12434595173309
127,0.0010210239658131424,0.10210239658131423,0.752264483483144,75.2264483483144
128,0.0010115535765002855,0.10115535765002856,0.7532760370596443,75.32760370596444
129,0.0010051203591574908,0.10051203591574909,0.7542811574188018,75.42811574188018
130,0.0009997774176256173,0.09997774176256173,0.7552809348364273,75.52809348364273
131,0.0009950909272213317,0.09950909272213318,0.7562760257636487,75.62760257636486
132,0.000985446062691129,0.0985446062691129,0.7572614718263398,75.72614718263398
133,0.0009800517161733687,0.09800517161733686,0.7582415235425132,75.82415235425131
134,0.0009696509652248164,0.09696509652248164,0.759211174507738,75.9211174507738
135,0.0009690134256376012,0.09690134256376012,0.7601801879333756,76.01801879333756
136,0.0009627545040583075,0.09627545040583074,0.761142942437434,76.1142942437434
137,0.000948028893701098,0.0948028893701098,0.762090971331135,76.2090971331135
138,0.0009467017385489877,0.09467017385489877,0.763037673069684,76.3037673069684
139,0.0009401081365316874,0.09401081365316874,0.7639777812062156,76.39777812062157
140,0.0009391251159027183,0.09391251159027182,0.7649169063221184,76.49169063221184
141,0.000928369437182737,0.0928369437182737,0.7658452757593012,76.58452757593011
142,0.0009247160117099552,0.09247160117099552,0.7667699917710111,76.67699917710111
143,0.0009140330275650334,0.09140330275650335,0.7676840247985761,76.76840247985761
144,0.0009097871481958609,0.09097871481958608,0.768593811946772,76.8593811946772
145,0.0009017617794843511,0.09017617794843512,0.7694955737262563,76.94955737262563
146,0.0009007026107588955,0.09007026107588954,0.7703962763370152,77.03962763370153
147,0.0008991012355948833,0.08991012355948833,0.7712953775726101,77.12953775726102
148,0.0008880681367252236,0.08880681367252236,0.7721834457093354,77.21834457093354
149,0.000887464022081931,0.0887464022081931,0.7730709097314173,77.30709097314174
150,0.0008845428538162168,0.08845428538162169,0.7739554525852336,77.39554525852336
151,0.0008733934717371294,0.08733934717371293,0.7748288460569707,77.48288460569707
152,0.0008710499110512924,0.08710499110512925,0.7756998959680219,77.56998959680219
153,0.0008642352612961081,0.08642352612961081,0.776564131229318,77.6564131229318
154,0.0008620256323298119,0.08620256323298119,0.7774261568616478,77.74261568616478
155,0.0008569796630924943,0.08569796630924943,0.7782831365247403,77.82831365247404
156,0.0008539805537511162,0.08539805537511162,0.7791371170784914,77.91371170784915
157,0.0008521962380033624,0.08521962380033624,0.7799893133164948,77.99893133164947
158,0.0008441930992979056,0.08441930992979056,0.7808335064157927,78.08335064157927
159,0.0008396986082757173,0.08396986082757173,0.7816732050240685,78.16732050240685
160,0.0008383165963570619,0.08383165963570618,0.7825115216204255,78.25115216204254
161,0.0008324305923715751,0.08324305923715751,0.7833439522127971,78.3343952212797
162,0.0008257464100747404,0.08257464100747404,0.7841696986228718,78.41696986228717
163,0.0008242698715470939,0.08242698715470939,0.7849939684944188,78.49939684944188
164,0.0008222747032240261,0.08222747032240262,0.7858162431976429,78.58162431976429
165,0.0008150428212909928,0.08150428212909927,0.7866312860189338,78.66312860189339
166,0.0008079781502642938,0.08079781502642938,0.7874392641691982,78.74392641691982
167,0.0008029115732072276,0.08029115732072276,0.7882421757424054,78.82421757424054
168,0.0007993867180810835,0.07993867180810836,0.7890415624604865,78.90415624604866
169,0.0007954636945394939,0.07954636945394938,0.789837026155026,78.98370261550261
170,0.0007919974683766124,0.07919974683766123,0.7906290236234027,79.06290236234027
171,0.0007856646961193945,0.07856646961193944,0.7914146883195221,79.14146883195221
172,0.0007831026504555565,0.07831026504555566,0.7921977909699777,79.21977909699777
173,0.0007826063186844366,0.07826063186844366,0.7929803972886621,79.29803972886621
174,0.0007753034670796656,0.07753034670796656,0.7937557007557418,79.37557007557417
175,0.0007727073275779398,0.07727073275779398,0.7945284080833197,79.45284080833197
176,0.0007693227465345037,0.07693227465345037,0.7952977308298542,79.52977308298543
177,0.0007660525804804338,0.07660525804804338,0.7960637834103347,79.60637834103346
178,0.0007630777283425723,0.07630777283425723,0.7968268611386773,79.68268611386773
179,0.0007541094334122041,0.07541094334122041,0.7975809705720895,79.75809705720896
180,0.0007490151614288136,0.07490151614288136,0.7983299857335183,79.83299857335183
181,0.0007482576642686748,0.07482576642686747,0.799078243397787,79.9078243397787
182,0.0007397729376845333,0.07397729376845333,0.7998180163354716,79.98180163354715
183,0.0007340878986538961,0.07340878986538961,0.8005521042341255,80.05521042341255
184,0.000730962205210137,0.0730962205210137,0.8012830664393357,80.12830664393357
185,0.0007287917975193304,0.07287917975193305,0.802011858236855,80.20118582368549
186,0.000727930073592245,0.0727930073592245,0.8027397883104472,80.27397883104473
187,0.0007237629891744166,0.07237629891744166,0.8034635512996217,80.34635512996216
188,0.0007207262371376852,0.07207262371376852,0.8041842775367594,80.41842775367594
189,0.0007180481118965085,0.07180481118965086,0.8049023256486558,80.49023256486558
190,0.0007148253657189923,0.07148253657189924,0.8056171510143748,80.56171510143749
191,0.0007127296506545904,0.07127296506545903,0.8063298806650294,80.63298806650295
192,0.0007098995625982233,0.07098995625982232,0.8070397802276277,80.70397802276277
193,0.0007057679680992221,0.07057679680992221,0.8077455481957269,80.77455481957269
194,0.0007029250417487819,0.07029250417487819,0.8084484732374756,80.84484732374756
195,0.0007001634321457395,0.07001634321457395,0.8091486366696213,80.91486366696213
196,0.000699138901035256,0.0699138901035256,0.8098477755706566,80.98477755706566
197,0.0006939670903595741,0.0693967090359574,0.8105417426610162,81.05417426610163
198,0.0006920756401848802,0.06920756401848802,0.8112338183012011,81.12338183012011
199,0.0006897792659236055,0.06897792659236054,0.8119235975671247,81.19235975671248
200,0.000684470625906766,0.06844706259067661,0.8126080681930316,81.26080681930316
201,0.0006820092286704662,0.06820092286704661,0.813290077421702,81.3290077421702
202,0.0006806726007716391,0.06806726007716392,0.8139707500224737,81.39707500224736
203,0.0006770036899893426,0.06770036899893427,0.814647753712463,81.4647753712463
204,0.00067378622645841,0.06737862264584099,0.8153215399389214,81.53215399389214
205,0.000672916076568561,0.0672916076568561,0.81599445601549,81.59944560154901
206,0.0006698805443301109,0.06698805443301109,0.8166643365598202,81.66643365598202
207,0.0006670230028281171,0.06670230028281171,0.8173313595626484,81.73313595626483
208,0.0006626885412307388,0.06626885412307387,0.8179940481038791,81.79940481038791
209,0.0006569932554678192,0.06569932554678193,0.818651041359347,81.8651041359347
210,0.0006560883274667412,0.06560883274667412,0.8193071296868137,81.93071296868138
211,0.0006514048074073806,0.06514048074073805,0.8199585344942211,81.9958534494221
212,0.0006496579907519263,0.06496579907519263,0.820608192484973,82.0608192484973
213,0.0006489266411697365,0.06489266411697366,0.8212571191261427,82.12571191261428
214,0.0006433940008363348,0.06433940008363348,0.8219005131269791,82.1900513126979
215,0.0006402586654471384,0.06402586654471383,0.8225407717924262,82.25407717924263
216,0.0006379125248923901,0.06379125248923902,0.8231786843173187,82.31786843173187
217,0.0006360145257907863,0.06360145257907864,0.8238146988431094,82.38146988431095
218,0.0006330280155534673,0.06330280155534673,0.8244477268586629,82.44477268586628
219,0.000631063467377063,0.0631063467377063,0.8250787903260399,82.507879032604
220,0.0006273756378841472,0.06273756378841472,0.8257061659639241,82.57061659639241
221,0.0006265705993567286,0.06265705993567286,0.8263327365632809,82.63327365632809
222,0.0006239780356617572,0.06239780356617571,0.8269567145989426,82.69567145989426
223,0.0006204801664788104,0.06204801664788104,0.8275771947654215,82.75771947654215
224,0.0006158599942766111,0.06158599942766111,0.8281930547596981,82.81930547596981
225,0.000614469851375444,0.061446985137544395,0.8288075246110735,82.88075246110735
226,0.0006127782791736632,0.061277827917366315,0.8294203028902472,82.94203028902471
227,0.0006114714476041635,0.061147144760416355,0.8300317743378514,83.00317743378514
228,0.0006081696503351301,0.06081696503351301,0.8306399439881865,83.06399439881865
229,0.0006067419554865512,0.060674195548655115,0.8312466859436731,83.12466859436731
230,0.0006027564610589072,0.060275646105890715,0.831849442404732,83.1849442404732
231,0.0005999329544789173,0.05999329544789173,0.8324493753592109,83.2449375359211
232,0.0005975861881497076,0.059758618814970764,0.8330469615473607,83.30469615473606
233,0.0005964320153826209,0.05964320153826209,0.8336433935627433,83.36433935627433
234,0.0005946944116164258,0.059469441161642586,0.8342380879743597,83.42380879743597
235,0.0005936302746697081,0.059363027466970815,0.8348317182490295,83.48317182490294
236,0.0005919729091515579,0.05919729091515579,0.835423691158181,83.5423691158181
237,0.000589865729232623,0.0589865729232623,0.8360135568874136,83.60135568874136
238,0.000583038234512676,0.058303823451267604,0.8365965951219263,83.65965951219263
239,0.0005808234123349873,0.05808234123349873,0.8371774185342613,83.71774185342613
240,0.0005805567526227546,0.05805567526227546,0.8377579752868841,83.77579752868841
241,0.0005794630321357114,0.057946303213571144,0.8383374383190199,83.83374383190198
242,0.0005782359229996627,0.05782359229996627,0.8389156742420195,83.89156742420195
243,0.0005756183240205206,0.05756183240205206,0.83949129256604,83.94912925660401
244,0.0005727421843404834,0.05727421843404834,0.8400640347503805,84.00640347503806
245,0.000568982976896708,0.05689829768967081,0.8406330177272772,84.06330177272771
246,0.0005683456222305614,0.05683456222305614,0.8412013633495077,84.12013633495077
247,0.0005661858485640125,0.056618584856401255,0.8417675491980717,84.17675491980717
248,0.0005654954006879479,0.05654954006879479,0.8423330445987597,84.23330445987597
249,0.0005627860165402759,0.05627860165402759,0.8428958306152999,84.28958306153
250,0.0005576753157787796,0.05576753157787796,0.8434535059310787,84.34535059310787
251,0.0005569376520955708,0.05569376520955708,0.8440104435831742,84.40104435831742
252,0.0005546087338793227,0.05546087338793227,0.8445650523170536,84.45650523170536
253,0.0005537540675987912,0.05537540675987912,0.8451188063846524,84.51188063846524
254,0.0005533676409777984,0.05533676409777984,0.8456721740256302,84.56721740256302
255,0.0005499950502940266,0.05499950502940266,0.8462221690759243,84.62221690759243
256,0.000546684132131363,0.0546684132131363,0.8467688532080556,84.67688532080557
257,0.0005455761482209697,0.054557614822096964,0.8473144293562765,84.73144293562765
258,0.0005452210406269373,0.05452210406269373,0.8478596503969035,84.78596503969035
259,0.0005433692747272115,0.05433692747272115,0.8484030196716307,84.84030196716307
260,0.0005386702264765735,0.05386702264765735,0.8489416898981073,84.89416898981072
261,0.0005375278723629493,0.05375278723629493,0.8494792177704702,84.94792177704701
262,0.000535251645550606,0.053525164555060595,0.8500144694160208,85.00144694160208
263,0.0005343625494390128,0.05343625494390128,0.8505488319654598,85.05488319654599
264,0.0005337987051553328,0.05337987051553328,0.8510826306706152,85.10826306706151
265,0.0005322665610017776,0.05322665610017776,0.851614897231617,85.1614897231617
266,0.0005307662738137103,0.05307662738137103,0.8521456635054308,85.21456635054308
267,0.0005288416280028798,0.05288416280028798,0.8526745051334337,85.26745051334336
268,0.0005272401113791611,0.05272401113791611,0.8532017452448128,85.32017452448129
269,0.0005236099792701501,0.052360997927015006,0.853725355224083,85.3725355224083
270,0.0005225464833091735,0.05225464833091735,0.8542479017073922,85.42479017073921
271,0.0005210563529511329,0.05210563529511329,0.8547689580603434,85.47689580603434
272,0.0005179456107122705,0.05179456107122705,0.8552869036710556,85.52869036710557
273,0.000516364866484324,0.0516364866484324,0.85580326853754,85.580326853754
274,0.0005154099497647823,0.05154099497647823,0.8563186784873047,85.63186784873047
275,0.0005138137507652662,0.05138137507652662,0.85683249223807,85.683249223807
276,0.0005104867238030254,0.05104867238030254,0.8573429789618731,85.7342978961873
277,0.0005096240304324159,0.05096240304324159,0.8578526029923055,85.78526029923054
278,0.0005084221321238849,0.050842213212388486,0.8583610251244294,85.83610251244293
279,0.0005076201249573179,0.05076201249573179,0.8588686452493867,85.88686452493867
280,0.0005046921399264535,0.050469213992645354,0.8593733373893131,85.93733373893131
281,0.0005012336044095149,0.05012336044095149,0.8598745709937227,85.98745709937226
282,0.0004996694706492658,0.049966947064926576,0.8603742404643719,86.0374240464372
283,0.0004992937192185506,0.049929371921855065,0.8608735341835905,86.08735341835904
284,0.0004979180438751484,0.04979180438751484,0.8613714522274656,86.13714522274655
285,0.0004965321104396135,0.049653211043961344,0.8618679843379052,86.18679843379053
286,0.0004960757003909144,0.04960757003909144,0.8623640600382961,86.23640600382961
287,0.0004940314781264604,0.04940314781264604,0.8628580915164226,86.28580915164225
288,0.0004921562373521017,0.04921562373521017,0.8633502477537747,86.33502477537746
289,0.0004911234722323734,0.049112347223237346,0.863841371226007,86.3841371226007
290,0.000488479397261783,0.048847939726178305,0.8643298506232688,86.43298506232688
291,0.0004869453258713448,0.04869453258713448,0.8648167959491402,86.48167959491401
292,0.00048643754363503704,0.048643754363503704,0.8653032334927753,86.53032334927752
293,0.00048439001351814127,0.04843900135181413,0.8657876235062935,86.57876235062935
294,0.0004836607819343971,0.04836607819343971,0.8662712842882279,86.62712842882279
295,0.00048220686853495993,0.048220686853495995,0.8667534911567628,86.67534911567628
296,0.00048057005611139004,0.04805700561113901,0.8672340612128742,86.72340612128741
297,0.00047918392353117715,0.04791839235311771,0.8677132451364054,86.77132451364054
298,0.00047872455854071404,0.047872455854071405,0.868191969694946,86.81919696949461
299,0.0004774920141385251,0.047749201413852506,0.8686694617090845,86.86694617090845
300,0.0004743735394943289,0.047437353949432895,0.8691438352485789,86.91438352485788
301,0.0004731684920551921,0.04731684920551921,0.869617003740634,86.9617003740634
302,0.00047258204715775457,0.04725820471577546,0.8700895857877917,87.00895857877917
303,0.00047163313477590485,0.047163313477590486,0.8705612189225677,87.05612189225677
304,0.00046979053620539973,0.04697905362053997,0.8710310094587731,87.10310094587732
305,0.00046757273468643574,0.04675727346864358,0.8714985821934595,87.14985821934596
306,0.00046703548405135285,0.046703548405135284,0.8719656176775109,87.19656176775109
307,0.00046636350101493334,0.046636350101493335,0.8724319811785258,87.24319811785259
308,0.0004635695899388953,0.04635695899388953,0.8728955507684647,87.28955507684647
309,0.00046313867165537025,0.04631386716553702,0.8733586894401201,87.335868944012
310,0.0004616716078654019,0.04616716078654019,0.8738203610479854,87.38203610479854
311,0.00046009282424166553,0.046009282424166555,0.8742804538722271,87.42804538722271
312,0.000458633064303156,0.0458633064303156,0.8747390869365302,87.47390869365303
313,0.00045706536393393164,0.045706536393393164,0.8751961523004642,87.51961523004643
314,0.00045543283450993937,0.045543283450993934,0.8756515851349742,87.56515851349742
315,0.0004527731384239464,0.04527731384239464,0.8761043582733982,87.61043582733981
316,0.0004525260262713293,0.04525260262713293,0.8765568842996695,87.65568842996694
317,0.0004511981814997196,0.04511981814997196,0.8770080824811692,87.70080824811693
318,0.00044948969069341036,0.04494896906934104,0.8774575721718626,87.74575721718627
319,0.00044821211734557626,0.04482121173455762,0.8779057842892082,87.79057842892082
320,0.00044738178877524017,0.044738178877524015,0.8783531660779834,87.83531660779835
321,0.00044693043593862754,0.04469304359386275,0.878800096513922,87.8800096513922
322,0.00044504081508855867,0.04450408150885587,0.8792451373290106,87.92451373290106
323,0.0004435061989251681,0.04435061989251681,0.8796886435279357,87.96886435279357
324,0.000442924271504252,0.0442924271504252,0.88013156779944,88.013156779944
325,0.0004410070342240051,0.04410070342240051,0.880572574833664,88.0572574833664
326,0.00043914747176136725,0.04391474717613673,0.8810117223054253,88.10117223054253
327,0.0004388175045226588,0.04388175045226588,0.881450539809948,88.1450539809948
328,0.00043735238822186596,0.0437352388221866,0.8818878921981699,88.18878921981698
329,0.00043688611952934523,0.043688611952934525,0.8823247783176992,88.23247783176991
330,0.0004361039893054899,0.04361039893054899,0.8827608823070047,88.27608823070047
331,0.0004332883522225894,0.04332883522225894,0.8831941706592272,88.31941706592272
332,0.0004319086772853133,0.043190867728531326,0.8836260793365125,88.36260793365125
333,0.000431383930337494,0.043138393033749396,0.88405746326685,88.40574632668499
334,0.00043103628019469675,0.043103628019469674,0.8844884995470447,88.44884995470447
335,0.0004296565599078544,0.04296565599078544,0.8849181561069526,88.49181561069526
336,0.0004272223413237057,0.04272223413237057,0.8853453784482763,88.53453784482764
337,0.0004261284345399008,0.04261284345399008,0.8857715068828163,88.57715068828162
338,0.00042518939052100233,0.04251893905210023,0.8861966962733373,88.61966962733374
339,0.00042283646485679173,0.04228364648567917,0.886619532738194,88.6619532738194
340,0.0004216736218457166,0.042167362184571656,0.8870412063600398,88.70412063600398
341,0.000419641216985369,0.0419641216985369,0.8874608475770251,88.74608475770252
342,0.00041891734407489015,0.041891734407489015,0.8878797649211,88.78797649211
343,0.00041869890592899985,0.041869890592899986,0.888298463827029,88.8298463827029
344,0.00041746553612453897,0.0417465536124539,0.8887159293631536,88.87159293631535
345,0.0004165389446474367,0.04165389446474367,0.889132468307801,88.9132468307801
346,0.00041523602173127914,0.041523602173127915,0.8895477043295323,88.95477043295324
347,0.00041334822832134703,0.0413348228321347,0.8899610525578537,88.99610525578538
348,0.00041216072720111444,0.04121607272011144,0.8903732132850548,89.03732132850548
349,0.00041118226417681986,0.04111822641768199,0.8907843955492316,89.07843955492316
350,0.0004100055170662548,0.04100055170662548,0.8911944010662979,89.11944010662978
351,0.00040884957007127336,0.04088495700712734,0.8916032506363691,89.16032506363692
352,0.00040743303786951266,0.04074330378695126,0.8920106836742386,89.20106836742386
353,0.00040618831616051165,0.04061883161605116,0.8924168719903991,89.24168719903992
354,0.000405825777325446,0.040582577732544596,0.8928226977677245,89.28226977677245
355,0.0004051792295136391,0.04051792295136391,0.8932278769972382,89.32278769972382
356,0.0004036063513768256,0.040360635137682566,0.893631483348615,89.36314833486149
357,0.0004026797711468923,0.04026797711468923,0.8940341631197619,89.40341631197619
358,0.0004022327495527544,0.040223274955275445,0.8944363958693147,89.44363958693147
359,0.0004006375530849145,0.04006375530849145,0.8948370334223996,89.48370334223996
360,0.000398651054981338,0.039865105498133796,0.895235684477381,89.5235684477381
361,0.0003983410702517941,0.03983410702517941,0.8956340255476328,89.56340255476329
362,0.0003971131830283583,0.03971131830283583,0.8960311387306612,89.60311387306612
363,0.00039530021895930426,0.039530021895930426,0.8964264389496205,89.64264389496205
364,0.00039491917413870273,0.03949191741387027,0.8968213581237592,89.68213581237592
365,0.00039354818573598363,0.03935481857359836,0.8972149063094952,89.72149063094952
366,0.00039309880885146886,0.039309880885146885,0.8976080051183467,89.76080051183467
367,0.0003924468552226368,0.03924468552226368,0.8980004519735694,89.80004519735694
368,0.00039139908135773463,0.03913990813577346,0.8983918510549271,89.83918510549272
369,0.00039006335831226957,0.03900633583122696,0.8987819144132394,89.87819144132393
370,0.00038956696551004186,0.038956696551004186,0.8991714813787495,89.91714813787495
371,0.00038895619387987394,0.03889561938798739,0.8995604375726294,89.95604375726293
372,0.0003870331872209152,0.03870331872209152,0.8999474707598503,89.99474707598503
373,0.0003867014776704033,0.03867014776704033,0.9003341722375207,90.03341722375207
374,0.00038509442936196015,0.038509442936196014,0.9007192666668826,90.07192666668826
375,0.00038418563889213857,0.03841856388921386,0.9011034523057747,90.11034523057747
376,0.0003831077850062103,0.03831077850062103,0.9014865600907809,90.14865600907808
377,0.0003820875945467392,0.03820875945467392,0.9018686476853276,90.18686476853276
378,0.0003810883876511696,0.03810883876511696,0.9022497360729788,90.22497360729787
379,0.00038050090976217475,0.03805009097621748,0.9026302369827409,90.2630236982741
380,0.0003786031823423526,0.03786031823423526,0.9030088401650833,90.30088401650833
381,0.00037783558097661006,0.037783558097661006,0.9033866757460599,90.33866757460599
382,0.00037696176201864814,0.037696176201864814,0.9037636375080785,90.37636375080785
383,0.0003759737164439773,0.037597371644397734,0.9041396112245225,90.41396112245225
384,0.00037308305216939605,0.037308305216939605,0.9045126942766919,90.45126942766919
385,0.0003723267051221861,0.03723267051221861,0.9048850209818141,90.48850209818141
386,0.00037190133239416753,0.03719013323941675,0.9052569223142083,90.52569223142083
387,0.00037105565910525834,0.037105565910525835,0.9056279779733135,90.56279779733136
388,0.00036914907506660824,0.03691490750666082,0.9059971270483801,90.59971270483801
389,0.0003688146999843787,0.03688146999843787,0.9063659417483645,90.63659417483645
390,0.000368295877883099,0.0368295877883099,0.9067342376262476,90.67342376262476
391,0.0003682016666252509,0.03682016666252509,0.9071024392928728,90.71024392928729
392,0.00036625080948190543,0.036625080948190544,0.9074686901023548,90.74686901023547
393,0.0003662070180252783,0.03662070180252783,0.90783489712038,90.783489712038
394,0.00036462894743416875,0.03646289474341687,0.9081995260678142,90.81995260678141
395,0.0003643530345594388,0.03643530345594388,0.9085638791023736,90.85638791023736
396,0.0003624651789551739,0.03624651789551739,0.9089263442813288,90.89263442813288
397,0.00036180469533608593,0.036180469533608595,0.9092881489766649,90.92881489766648
398,0.00036082026341203516,0.03608202634120351,0.9096489692400769,90.96489692400769
399,0.00035994129424671794,0.03599412942467179,0.9100089105343236,91.00089105343237
400,0.00035923758439426946,0.035923758439426946,0.9103681481187179,91.03681481187179
401,0.00035719215361017313,0.03571921536101731,0.9107253402723281,91.0725340272328
402,0.00035684374558594885,0.035684374558594883,0.9110821840179141,91.1082184017914
403,0.00035611016258565905,0.03561101625856591,0.9114382941804997,91.14382941804998
404,0.0003550917038883706,0.03550917038883706,0.9117933858843881,91.17933858843881
405,0.0003542252801459238,0.035422528014592385,0.912147611164534,91.2147611164534
406,0.00035396938301505716,0.03539693830150571,0.912501580547549,91.2501580547549
407,0.00035269303278930155,0.03526930327893016,0.9128542735803383,91.28542735803383
408,0.00035196992840589957,0.035196992840589955,0.9132062435087442,91.32062435087443
409,0.00035109218802987894,0.035109218802987896,0.9135573356967741,91.35573356967741
410,0.0003501085689232355,0.035010856892323555,0.9139074442656974,91.39074442656974
411,0.0003491527866297407,0.03491527866297407,0.9142565970523271,91.4256597052327
412,0.00034891509050340126,0.03489150905034013,0.9146055121428305,91.46055121428304
413,0.0003470049429063549,0.03470049429063549,0.9149525170857369,91.49525170857369
414,0.00034500442388826996,0.034500442388827,0.9152975215096252,91.52975215096252
415,0.0003448679381659594,0.034486793816595945,0.9156423894477911,91.5642389447791
416,0.0003439745478258411,0.03439745478258411,0.915986363995617,91.5986363995617
417,0.0003435778549695735,0.03435778549695735,0.9163299418505865,91.63299418505865
418,0.0003417905988001676,0.03417905988001676,0.9166717324493866,91.66717324493867
419,0.00034141566178031324,0.034141566178031324,0.917013148111167,91.7013148111167
420,0.0003400733833873668,0.03400733833873668,0.9173532214945543,91.73532214945543
421,0.0003394635982009107,0.033946359820091074,0.9176926850927553,91.76926850927552
422,0.00033850171632251726,0.03385017163225173,0.9180311868090778,91.80311868090779
423,0.0003382468249205367,0.03382468249205367,0.9183694336339984,91.83694336339984
424,0.00033748242831515727,0.03374824283151573,0.9187069160623135,91.87069160623135
425,0.00033669152006871684,0.033669152006871685,0.9190436075823822,91.90436075823823
426,0.00033502113956346497,0.033502113956346495,0.9193786287219458,91.93786287219457
427,0.0003342953893576584,0.03342953893576584,0.9197129241113035,91.97129241113035
428,0.00033309418756535055,0.03330941875653506,0.9200460182988688,92.00460182988688
429,0.00033277463391773274,0.033277463391773274,0.9203787929327866,92.03787929327866
430,0.00033167879167551347,0.033167879167551345,0.9207104717244621,92.07104717244621
431,0.000330880550244935,0.033088055024493496,0.921041352274707,92.10413522747069
432,0.0003300823860199482,0.03300823860199482,0.9213714346607269,92.13714346607269
433,0.00032950558674488245,0.03295055867448825,0.9217009402474717,92.17009402474717
434,0.0003292740114451461,0.03292740114451461,0.9220302142589168,92.20302142589169
435,0.00032865075479135,0.032865075479135,0.9223588650137082,92.23588650137083
436,0.00032693390184972105,0.0326933901849721,0.9226857989155579,92.26857989155579
437,0.00032666219385218476,0.03266621938521848,0.92301246110941,92.30124611094101
438,0.0003252042595915364,0.032520425959153644,0.9233376653690015,92.33376653690016
439,0.00032503315184827524,0.032503315184827526,0.9236626985208498,92.36626985208498
440,0.00032395552200520627,0.03239555220052063,0.9239866540428551,92.39866540428551
441,0.0003228746193469433,0.03228746193469433,0.9243095286622021,92.43095286622021
442,0.0003216926172072562,0.03216926172072562,0.9246312212794093,92.46312212794093
443,0.0003213107390564617,0.03213107390564617,0.9249525320184658,92.49525320184658
444,0.000320133477380961,0.0320133477380961,0.9252726654958467,92.52726654958468
445,0.0003196460895530351,0.03196460895530351,0.9255923115853998,92.55923115853997
446,0.0003184490621595373,0.031844906215953726,0.9259107606475593,92.59107606475592
447,0.0003179428767860646,0.03179428767860646,0.9262287035243454,92.62287035243453
448,0.00031692247803325623,0.03169224780332562,0.9265456260023787,92.65456260023787
449,0.0003164565033470388,0.03164565033470388,0.9268620825057257,92.68620825057256
450,0.0003156151690066493,0.03156151690066493,0.9271776976747323,92.71776976747323
451,0.0003149474436443271,0.03149474436443271,0.9274926451183767,92.74926451183767
452,0.0003138012704715262,0.03138012704715262,0.9278064463888482,92.78064463888482
453,0.0003129669426439104,0.03129669426439104,0.9281194133314922,92.81194133314922
454,0.00031252827679728227,0.03125282767972823,0.9284319416082895,92.84319416082894
455,0.0003122422784562853,0.031224227845628526,0.9287441838867457,92.87441838867457
456,0.0003116450360106436,0.03116450360106436,0.9290558289227564,92.90558289227565
457,0.00031098713821180873,0.031098713821180873,0.9293668160609682,92.93668160609681
458,0.00031054931966599,0.031054931966599,0.9296773653806342,92.96773653806342
459,0.0003102726248067412,0.03102726248067412,0.9299876380054409,92.9987638005441
460,0.0003093826369240183,0.030938263692401827,0.930297020642365,93.0297020642365
461,0.0003091186690219572,0.030911866902195717,0.9306061393113869,93.06061393113869
462,0.0003079231045706641,0.030792310457066412,0.9309140624159575,93.09140624159575
463,0.00030676862585690803,0.030676862585690804,0.9312208310418144,93.12208310418144
464,0.000305519327471159,0.0305519327471159,0.9315263503692855,93.15263503692856
465,0.00030479710113124605,0.030479710113124607,0.9318311474704168,93.18311474704169
466,0.00030445324902475063,0.030445324902475063,0.9321356007194416,93.21356007194416
467,0.00030371326945336375,0.030371326945336376,0.9324393139888949,93.24393139888949
468,0.00030241156845338754,0.030241156845338756,0.9327417255573482,93.27417255573482
469,0.0003019971627926471,0.030199716279264713,0.9330437227201409,93.30437227201409
470,0.00030163649959442896,0.030163649959442897,0.9333453592197354,93.33453592197354
471,0.0003004655355893444,0.03004655355893444,0.9336458247553248,93.36458247553247
472,0.00029945109042477894,0.029945109042477894,0.9339452758457495,93.39452758457494
473,0.0002988605602076351,0.029886056020763507,0.9342441364059572,93.42441364059572
474,0.0002976714139007559,0.02976714139007559,0.934541807819858,93.4541807819858
475,0.0002973661613486776,0.02973661613486776,0.9348391739812066,93.48391739812067
476,0.00029693221943016286,0.029693221943016285,0.9351361062006368,93.51361062006369
477,0.00029532265706783036,0.029532265706783037,0.9354314288577046,93.54314288577046
478,0.00029475176389905767,0.029475176389905766,0.9357261806216036,93.57261806216036
479,0.0002937804627412984,0.029378046274129842,0.9360199610843449,93.60199610843449
480,0.00029327337994361876,0.029327337994361876,0.9363132344642886,93.63132344642887
481,0.0002924386939558255,0.029243869395582548,0.9366056731582444,93.66056731582444
482,0.0002912595808593798,0.02912595808593798,0.9368969327391038,93.68969327391038
483,0.00029060526225994053,0.029060526225994053,0.9371875380013638,93.71875380013638
484,0.0002901070574188271,0.02901070574188271,0.9374776450587826,93.74776450587827
485,0.0002898459441616337,0.02898459441616337,0.9377674910029442,93.77674910029442
486,0.0002887740854358127,0.02887740854358127,0.93805626508838,93.805626508838
487,0.00028826588257449743,0.028826588257449742,0.9383445309709545,93.83445309709545
488,0.00028727158276727885,0.028727158276727886,0.9386318025537218,93.86318025537219
489,0.0002869107395999178,0.028691073959991778,0.9389187132933218,93.89187132933218
490,0.00028679420890186406,0.028679420890186408,0.9392055075022236,93.92055075022236
491,0.00028541203228658066,0.028541203228658066,0.9394909195345102,93.94909195345103
492,0.00028483295703875255,0.028483295703875255,0.939775752491549,93.9775752491549
493,0.00028409266482733354,0.028409266482733356,0.9400598451563763,94.00598451563764
494,0.0002834275376415799,0.028342753764157992,0.9403432726940179,94.03432726940179
495,0.000282888992651508,0.0282888992651508,0.9406261616866693,94.06261616866693
496,0.0002824837321550977,0.02824837321550977,0.9409086454188245,94.09086454188244
497,0.0002816472891463765,0.02816472891463765,0.9411902927079708,94.11902927079709
498,0.00028090379248288134,0.028090379248288135,0.9414711965004537,94.14711965004537
499,0.0002806028536588694,0.028060285365886943,0.9417517993541126,94.17517993541125
500,0.00028004993635924675,0.028004993635924673,0.9420318492904718,94.20318492904718
501,0.00027893902937786995,0.027893902937786996,0.9423107883198497,94.23107883198497
502,0.00027848514984767325,0.027848514984767325,0.9425892734696973,94.25892734696973
503,0.0002774213808599918,0.02774213808599918,0.9428666948505573,94.28666948505573
504,0.0002768151180226719,0.02768151180226719,0.94314350996858,94.314350996858
505,0.0002767013778584738,0.02767013778584738,0.9434202113464385,94.34202113464384
506,0.0002758971149800402,0.02758971149800402,0.9436961084614185,94.36961084614185
507,0.00027501811541692534,0.027501811541692536,0.9439711265768355,94.39711265768355
508,0.0002742924913228955,0.02742924913228955,0.9442454190681584,94.42454190681585
509,0.00027379621109538545,0.027379621109538545,0.9445192152792538,94.45192152792538
510,0.00027312505302923767,0.027312505302923767,0.944792340332283,94.4792340332283
511,0.000272967076476937,0.0272967076476937,0.9450653074087599,94.50653074087599
512,0.00027224484780148005,0.027224484780148005,0.9453375522565615,94.53375522565615
513,0.00027183556232312904,0.027183556232312903,0.9456093878188846,94.56093878188845
514,0.0002701711270635458,0.027017112706354582,0.9458795589459481,94.58795589459481
515,0.00027006134588600174,0.027006134588600173,0.9461496202918341,94.61496202918342
516,0.00026934398341617647,0.026934398341617646,0.9464189642752503,94.64189642752503
517,0.0002683673523616845,0.026836735236168453,0.946687331627612,94.6687331627612
518,0.0002676114317882176,0.02676114317882176,0.9469549430594002,94.69549430594002
519,0.00026721770463337095,0.026721770463337097,0.9472221607640335,94.72221607640336
520,0.00026714541748797045,0.026714541748797047,0.9474893061815215,94.74893061815214
521,0.00026635826530317294,0.026635826530317295,0.9477556644468247,94.77556644468247
522,0.00026536109104699116,0.026536109104699116,0.9480210255378717,94.80210255378717
523,0.00026494385523250375,0.026494385523250376,0.9482859693931042,94.82859693931042
524,0.0002643036609969642,0.02643036609969642,0.9485502730541011,94.85502730541012
525,0.0002640833293173712,0.02640833293173712,0.9488143563834185,94.88143563834186
526,0.00026259474707681843,0.02625947470768184,0.9490769511304953,94.90769511304953
527,0.0002620453737528635,0.026204537375286347,0.9493389965042481,94.93389965042482
528,0.0002617352220699375,0.02617352220699375,0.9496007317263181,94.96007317263181
529,0.00026069369739054857,0.026069369739054857,0.9498614254237087,94.98614254237087
530,0.0002599563764609516,0.02599563764609516,0.9501213818001696,95.01213818001696
531,0.0002591239369808552,0.02591239369808552,0.9503805057371505,95.03805057371505
532,0.0002586133358061382,0.02586133358061382,0.9506391190729566,95.06391190729566
533,0.0002584397854136113,0.025843978541361126,0.9508975588583702,95.08975588583702
534,0.00025785388062246644,0.025785388062246645,0.9511554127389927,95.11554127389927
535,0.00025739865306851197,0.025739865306851198,0.9514128113920612,95.14128113920613
536,0.0002563337096630348,0.02563337096630348,0.9516691451017243,95.16691451017243
537,0.00025567380069017415,0.025567380069017414,0.9519248189024144,95.19248189024144
538,0.0002544200968518173,0.02544200968518173,0.9521792389992663,95.21792389992663
539,0.0002543650126150539,0.02543650126150539,0.9524336040118813,95.24336040118813
540,0.0002539902118072647,0.02539902118072647,0.9526875942236885,95.26875942236886
541,0.0002533120280956686,0.02533120280956686,0.9529409062517842,95.29409062517841
542,0.00025245754330157364,0.025245754330157362,0.9531933637950858,95.31933637950858
543,0.00025187376103401907,0.025187376103401906,0.9534452375561198,95.34452375561197
544,0.0002511540172103628,0.025115401721036282,0.9536963915733301,95.36963915733301
545,0.0002510420633234768,0.02510420633234768,0.9539474336366536,95.39474336366536
546,0.0002501449644177999,0.02501449644177999,0.9541975786010714,95.41975786010714
547,0.00024918231826048955,0.024918231826048954,0.9544467609193319,95.44467609193319
548,0.000248694607419626,0.0248694607419626,0.9546954555267515,95.46954555267516
549,0.0002479733540050977,0.02479733540050977,0.9549434288807566,95.49434288807565
550,0.00024777125211761973,0.024777125211761973,0.9551912001328742,95.51912001328742
551,0.0002475367453460063,0.02475367453460063,0.9554387368782202,95.54387368782203
552,0.0002467011292023425,0.02467011292023425,0.9556854380074226,95.56854380074226
553,0.0002462571017289709,0.024625710172897088,0.9559316951091515,95.59316951091516
554,0.00024558206922936735,0.024558206922936737,0.956177277178381,95.6177277178381
555,0.00024494205717391437,0.024494205717391436,0.9564222192355549,95.6422219235555
556,0.00024463020501478924,0.024463020501478923,0.9566668494405697,95.66668494405697
557,0.00024390307932139595,0.024390307932139595,0.9569107525198911,95.6910752519891
558,0.00024347367579213988,0.024347367579213988,0.9571542261956832,95.71542261956833
559,0.00024283076463731522,0.024283076463731523,0.9573970569603205,95.73970569603205
560,0.00024251726609609848,0.024251726609609846,0.9576395742264167,95.76395742264167
561,0.0002414480595118852,0.02414480595118852,0.9578810222859285,95.78810222859285
562,0.00024095556651648352,0.02409555665164835,0.958121977852445,95.8121977852445
563,0.00024049315732222837,0.024049315732222836,0.9583624710097672,95.83624710097672
564,0.00023972792066992736,0.023972792066992737,0.9586021989304372,95.86021989304372
565,0.00023944215687951643,0.023944215687951645,0.9588416410873167,95.88416410873167
566,0.000238793963872785,0.0238793963872785,0.9590804350511896,95.90804350511895
567,0.0002382538350939367,0.023825383509393668,0.9593186888862835,95.93186888862834
568,0.00023728360243296492,0.02372836024329649,0.9595559724887164,95.95559724887164
569,0.00023683496882784093,0.023683496882784094,0.9597928074575443,95.97928074575442
570,0.00023663698808680972,0.023663698808680973,0.9600294444456311,96.00294444456311
571,0.000235385023670264,0.0235385023670264,0.9602648294693014,96.02648294693013
572,0.00023456158805800544,0.023456158805800546,0.9604993910573594,96.04993910573594
573,0.00023420569630716015,0.023420569630716016,0.9607335967536665,96.07335967536666
574,0.0002339302445846285,0.02339302445846285,0.9609675269982512,96.09675269982512
575,0.00023342012827067639,0.02334201282706764,0.9612009471265218,96.12009471265218
576,0.0002331988062443122,0.02331988062443122,0.9614341459327661,96.14341459327662
577,0.00023212798606591669,0.02321279860659167,0.961666273918832,96.1666273918832
578,0.00023101092681419624,0.023101092681419626,0.9618972848456462,96.18972848456463
579,0.00023086335982104022,0.023086335982104023,0.9621281482054672,96.21281482054673
580,0.000230300463123838,0.0230300463123838,0.9623584486685911,96.23584486685911
581,0.00022984748657970796,0.022984748657970795,0.9625882961551708,96.25882961551709
582,0.00022863935960501335,0.022863935960501333,0.9628169355147759,96.28169355147759
583,0.00022849308041021968,0.02284930804102197,0.963045428595186,96.3045428595186
584,0.00022799243670513798,0.022799243670513798,0.9632734210318912,96.32734210318912
585,0.00022748176016363587,0.022748176016363586,0.9635009027920548,96.35009027920547
586,0.0002271066991645919,0.02271066991645919,0.9637280094912194,96.37280094912194
587,0.0002264935035261483,0.02264935035261483,0.9639545029947455,96.39545029947455
588,0.0002259324461287984,0.02259324461287984,0.9641804354408743,96.41804354408742
589,0.00022510362715304742,0.02251036271530474,0.9644055390680273,96.44055390680273
590,0.00022488463266740779,0.02248846326674078,0.9646304237006947,96.46304237006947
591,0.00022423852148575196,0.022423852148575195,0.9648546622221805,96.48546622221805
592,0.00022373921393248724,0.022373921393248723,0.965078401436113,96.5078401436113
593,0.00022266194768487394,0.022266194768487395,0.9653010633837978,96.53010633837978
594,0.00022247558484370756,0.022247558484370756,0.9655235389686415,96.55235389686415
595,0.0002218609265691867,0.02218609265691867,0.9657453998952107,96.57453998952107
596,0.0002216905355387639,0.02216905355387639,0.9659670904307495,96.59670904307495
597,0.00022076506835309916,0.022076506835309914,0.9661878554991026,96.61878554991026
598,0.00022032695748282042,0.022032695748282042,0.9664081824565854,96.64081824565855
599,0.00021973186629719942,0.02197318662971994,0.9666279143228826,96.66279143228826
600,0.0002194805559190442,0.02194805559190442,0.9668473948788017,96.68473948788017
601,0.00021885768877743123,0.021885768877743125,0.967066252567579,96.7066252567579
602,0.0002181482785902914,0.021814827859029138,0.9672844008461694,96.72844008461693
603,0.00021804529167113315,0.021804529167113316,0.9675024461378405,96.75024461378405
604,0.00021739051572875124,0.021739051572875125,0.9677198366535693,96.77198366535693
605,0.0002167120027311703,0.02167120027311703,0.9679365486563005,96.79365486563005
606,0.0002162012896178134,0.021620128961781337,0.9681527499459184,96.81527499459183
607,0.00021575301436570386,0.021575301436570386,0.9683685029602841,96.83685029602842
608,0.00021559129588812504,0.021559129588812505,0.9685840942561722,96.85840942561722
609,0.00021507044924655176,0.021507044924655175,0.9687991647054187,96.87991647054187
610,0.00021485999105369836,0.021485999105369837,0.9690140246964725,96.90140246964725
611,0.00021405135752348178,0.02140513575234818,0.969228076053996,96.9228076053996
612,0.00021374755759694304,0.021374755759694303,0.9694418236115929,96.94418236115929
613,0.00021295784485001905,0.021295784485001905,0.9696547814564429,96.96547814564428
614,0.00021208517804060235,0.021208517804060235,0.9698668666344835,96.98668666344835
615,0.00021129509749461626,0.021129509749461626,0.9700781617319781,97.00781617319781
616,0.0002111118783080955,0.02111118783080955,0.9702892736102863,97.02892736102862
617,0.0002103241601566898,0.021032416015668978,0.9704995977704429,97.0499597770443
618,0.00020946353496594392,0.02094635349659439,0.9707090613054089,97.07090613054089
619,0.00020907097677415272,0.020907097677415273,0.970918132282183,97.0918132282183
620,0.00020824562407468992,0.020824562407468994,0.9711263779062578,97.11263779062578
621,0.00020760889402683568,0.020760889402683568,0.9713339868002846,97.13339868002846
622,0.0002072520136922119,0.02072520136922119,0.9715412388139768,97.15412388139768
623,0.00020708064724132835,0.020708064724132835,0.9717483194612181,97.17483194612181
624,0.00020683007604918173,0.020683007604918174,0.9719551495372672,97.19551495372673
625,0.00020654440736753146,0.020654440736753148,0.9721616939446348,97.21616939446348
626,0.000205483998056365,0.0205483998056365,0.9723671779426911,97.23671779426911
627,0.0002048378386795854,0.02048378386795854,0.9725720157813708,97.25720157813707
628,0.0002044723682992122,0.02044723682992122,0.97277648814967,97.277648814967
629,0.0002040790243477287,0.02040790243477287,0.9729805671740177,97.29805671740178
630,0.00020383103072040614,0.020383103072040613,0.9731843982047381,97.31843982047381
631,0.00020348862324844318,0.020348862324844317,0.9733878868279866,97.33878868279866
632,0.0002017864563932461,0.02017864563932461,0.9735896732843798,97.35896732843798
633,0.0002013955031045399,0.02013955031045399,0.9737910687874843,97.37910687874843
634,0.00020114218834198865,0.020114218834198866,0.9739922109758263,97.39922109758264
635,0.0002006698182559245,0.02006698182559245,0.9741928807940823,97.41928807940823
636,0.00019975950221473514,0.019975950221473512,0.974392640296297,97.4392640296297
637,0.00019937444810891173,0.019937444810891172,0.9745920147444059,97.45920147444059
638,0.00019895789375744852,0.019895789375744852,0.9747909726381634,97.47909726381634
639,0.0001980881303269016,0.01980881303269016,0.9749890607684903,97.49890607684904
640,0.00019778691517396946,0.019778691517396946,0.9751868476836643,97.51868476836643
641,0.00019703080600836064,0.019703080600836063,0.9753838784896727,97.53838784896726
642,0.0001968813351347204,0.01968813351347204,0.9755807598248074,97.55807598248074
643,0.0001962339482295052,0.01962339482295052,0.975776993773037,97.5776993773037
644,0.00019573066031731715,0.019573066031731715,0.9759727244333543,97.59727244333543
645,0.000195370022385192,0.0195370022385192,0.9761680944557395,97.61680944557395
646,0.00019484158872383725,0.019484158872383726,0.9763629360444633,97.63629360444634
647,0.0001936097579476744,0.01936097579476744,0.976556545802411,97.6556545802411
648,0.00019326835370256623,0.01932683537025662,0.9767498141561136,97.67498141561136
649,0.00019246246012730652,0.01924624601273065,0.9769422766162409,97.69422766162408
650,0.00019230742332622665,0.019230742332622664,0.9771345840395671,97.71345840395671
651,0.00019187016661799367,0.019187016661799366,0.9773264542061851,97.73264542061851
652,0.00019158642997233252,0.01915864299723325,0.9775180406361574,97.75180406361574
653,0.00019107102974769315,0.019107102974769315,0.9777091116659051,97.77091116659051
654,0.0001904476882908694,0.019044768829086938,0.977899559354196,97.7899559354196
655,0.00018970602756948659,0.01897060275694866,0.9780892653817655,97.80892653817655
656,0.00018917432822293694,0.018917432822293693,0.9782784397099885,97.82784397099886
657,0.00018879781773478333,0.01887978177347833,0.9784672375277232,97.84672375277232
658,0.00018847358683724347,0.018847358683724346,0.9786557111145605,97.86557111145605
659,0.00018790825305000402,0.018790825305000404,0.9788436193676106,97.88436193676105
660,0.0001868772913351636,0.01868772913351636,0.9790304966589457,97.90304966589457
661,0.00018670438443697083,0.018670438443697084,0.9792172010433827,97.92172010433828
662,0.0001861085924870022,0.01861085924870022,0.9794033096358697,97.94033096358697
663,0.00018582193055457816,0.018582193055457816,0.9795891315664244,97.95891315664244
664,0.00018554794859009424,0.018554794859009426,0.9797746795150144,97.97746795150144
665,0.00018538447198380932,0.018538447198380933,0.9799600639869982,97.99600639869982
666,0.0001851183461242498,0.01851183461242498,0.9801451823331224,98.01451823331224
667,0.00018484643412335904,0.018484643412335904,0.9803300287672457,98.03300287672457
668,0.00018350229816437526,0.018350229816437528,0.9805135310654101,98.051353106541
669,0.0001833051156388251,0.01833051156388251,0.9806968361810489,98.06968361810489
670,0.00018236054326232527,0.01823605432623253,0.9808791967243112,98.08791967243113
671,0.00018177409101549787,0.018177409101549788,0.9810609708153267,98.10609708153267
672,0.00018085259376088308,0.01808525937608831,0.9812418234090876,98.12418234090876
673,0.00018057188924336344,0.018057188924336345,0.981422395298331,98.14223952983309
674,0.00018022776961539765,0.018022776961539765,0.9816026230679463,98.16026230679464
675,0.0001795674979912465,0.01795674979912465,0.9817821905659375,98.17821905659375
676,0.0001791063298167799,0.01791063298167799,0.9819612968957543,98.19612968957543
677,0.00017886342358492004,0.017886342358492003,0.9821401603193393,98.21401603193392
678,0.0001783427253076979,0.017834272530769787,0.982318503044647,98.2318503044647
679,0.00017766910480814278,0.017766910480814278,0.9824961721494551,98.2496172149455
680,0.00017760373325286362,0.017760373325286363,0.9826737758827079,98.26737758827079
681,0.00017639429016624508,0.01763942901662451,0.9828501701728741,98.28501701728742
682,0.00017631277908998122,0.017631277908998124,0.9830264829519642,98.30264829519642
683,0.00017538897363056786,0.017538897363056787,0.9832018719255947,98.32018719255947
684,0.00017501778810251385,0.017501778810251386,0.9833768897136972,98.33768897136972
685,0.00017434844574058288,0.01743484457405829,0.9835512381594378,98.35512381594378
686,0.00017360675958643824,0.017360675958643823,0.9837248449190242,98.37248449190243
687,0.0001730809089766679,0.01730809089766679,0.983897925828001,98.3897925828001
688,0.00017295282291941968,0.01729528229194197,0.9840708786509204,98.40708786509204
689,0.00017237099900267334,0.017237099900267335,0.984243249649923,98.42432496499231
690,0.00017203539927003263,0.017203539927003263,0.9844152850491931,98.4415285049193
691,0.000171355182792303,0.0171355182792303,0.9845866402319854,98.45866402319854
692,0.00017103708082134917,0.01710370808213492,0.9847576773128067,98.47576773128067
693,0.00017058263359386792,0.017058263359386792,0.9849282599464005,98.49282599464006
694,0.00017028374056718524,0.017028374056718525,0.9850985436869677,98.50985436869676
695,0.00016951251113609924,0.016951251113609924,0.9852680561981038,98.52680561981037
696,0.0001692942756672601,0.01692942756672601,0.985437350473771,98.5437350473771
697,0.00016887693428633936,0.016887693428633936,0.9856062274080574,98.56062274080574
698,0.00016835969887708547,0.01683596988770855,0.9857745871069344,98.57745871069345
699,0.00016754182709042252,0.01675418270904225,0.9859421289340249,98.59421289340249
700,0.00016699186488859633,0.016699186488859635,0.9861091207989134,98.61091207989135
701,0.00016689193756807207,0.01668919375680721,0.9862760127364815,98.62760127364815
702,0.00016674771407015473,0.01667477140701547,0.9864427604505516,98.64427604505515
703,0.00016562711719031022,0.016562711719031023,0.9866083875677418,98.66083875677418
704,0.00016533565318285688,0.01653356531828569,0.9867737232209247,98.67737232209247
705,0.0001649038757458295,0.01649038757458295,0.9869386270966706,98.69386270966706
706,0.00016389680136163828,0.016389680136163827,0.9871025238980322,98.71025238980322
707,0.00016378454309680965,0.016378454309680966,0.9872663084411291,98.7266308441129
708,0.00016339237625215408,0.016339237625215407,0.9874297008173812,98.74297008173812
709,0.00016283416255776813,0.01628341625577681,0.987592534979939,98.75925349799391
710,0.00016261326127366268,0.01626132612736627,0.9877551482412127,98.77551482412127
711,0.0001617405855658229,0.01617405855658229,0.9879168888267785,98.79168888267785
712,0.00016158433360867128,0.016158433360867128,0.9880784731603872,98.80784731603872
713,0.00016108156723632007,0.016108156723632007,0.9882395547276235,98.82395547276235
714,0.0001604881499302771,0.01604881499302771,0.9884000428775538,98.84000428775538
715,0.0001601902666641297,0.016019026666412972,0.9885602331442179,98.85602331442179
716,0.00015938193198763496,0.015938193198763495,0.9887196150762055,98.87196150762055
717,0.00015887301192262944,0.015887301192262945,0.9888784880881282,98.88784880881282
718,0.00015851754251056395,0.015851754251056394,0.9890370056306388,98.90370056306388
719,0.00015775540486092163,0.015775540486092164,0.9891947610354997,98.91947610354997
720,0.00015697918721861495,0.015697918721861496,0.9893517402227183,98.93517402227184
721,0.00015638086176988735,0.015638086176988735,0.9895081210844882,98.95081210844882
722,0.00015603665180642876,0.015603665180642877,0.9896641577362946,98.96641577362945
723,0.00015553710844209048,0.015553710844209048,0.9898196948447366,98.98196948447367
724,0.00015495458904046629,0.01549545890404663,0.9899746494337771,98.99746494337771
725,0.0001544761815803854,0.01544761815803854,0.9901291256153575,99.01291256153574
726,0.00015404717367736002,0.015404717367736001,0.9902831727890349,99.02831727890349
727,0.00015363759345501035,0.015363759345501035,0.9904368103824899,99.04368103824899
728,0.00015321143322058996,0.015321143322058996,0.9905900218157104,99.05900218157105
729,0.00015262950460767768,0.015262950460767769,0.9907426513203181,99.07426513203181
730,0.00015243820662128306,0.015243820662128307,0.9908950895269394,99.08950895269393
731,0.00015144887079849843,0.015144887079849843,0.9910465383977379,99.10465383977379
732,0.0001510531569162376,0.015105315691623761,0.9911975915546541,99.11975915546542
733,0.00015073370910743543,0.015073370910743542,0.9913483252637616,99.13483252637616
734,0.00015048115534167062,0.015048115534167062,0.9914988064191033,99.14988064191033
735,0.00014957351377065152,0.014957351377065152,0.9916483799328739,99.16483799328739
736,0.0001488419066333093,0.014884190663330929,0.9917972218395072,99.17972218395073
737,0.00014839213133674978,0.014839213133674978,0.991945613970844,99.1945613970844
738,0.0001481484277756997,0.01481484277756997,0.9920937623986197,99.20937623986197
739,0.00014737961979896587,0.014737961979896587,0.9922411420184186,99.22411420184186
740,0.00014692040128491134,0.014692040128491134,0.9923880624197036,99.23880624197035
741,0.00014663960263648553,0.014663960263648553,0.9925347020223401,99.25347020223401
742,0.00014608558239343272,0.014608558239343272,0.9926807876047335,99.26807876047336
743,0.00014530308897254353,0.014530308897254353,0.9928260906937061,99.28260906937061
744,0.00014487961026973968,0.014487961026973969,0.9929709703039759,99.29709703039758
745,0.00014453607063315244,0.014453607063315244,0.993115506374609,99.3115506374609
746,0.00014347244583315364,0.014347244583315363,0.9932589788204421,99.32589788204422
747,0.00014328010995417125,0.014328010995417126,0.9934022589303962,99.34022589303963
748,0.00014271285461219468,0.014271285461219467,0.9935449717850084,99.35449717850085
749,0.00014157670183460405,0.014157670183460406,0.993686548486843,99.3686548486843
750,0.00014140492900525876,0.014140492900525877,0.9938279534158483,99.38279534158482
751,0.0001408637248687566,0.01408637248687566,0.993968817140717,99.39688171407171
752,0.00014049559174572894,0.014049559174572894,0.9941093127324628,99.41093127324628
753,0.00013902885940305897,0.013902885940305898,0.9942483415918659,99.42483415918659
754,0.00013837409919574502,0.013837409919574502,0.9943867156910616,99.43867156910616
755,0.00013814996712421836,0.013814996712421836,0.9945248656581859,99.45248656581859
756,0.00013802007388961948,0.013802007388961948,0.9946628857320755,99.46628857320755
757,0.0001371855781558461,0.01371855781558461,0.9948000713102314,99.48000713102314
758,0.00013638227542980068,0.013638227542980068,0.9949364535856612,99.49364535856611
759,0.00013633695363181192,0.013633695363181193,0.995072790539293,99.5072790539293
760,0.00013530621562125473,0.013530621562125473,0.9952080967549143,99.52080967549144
761,0.0001344799895372901,0.01344799895372901,0.9953425767444516,99.53425767444516
762,0.0001340354587732921,0.01340354587732921,0.9954766122032249,99.5476612203225
763,0.0001335113359286816,0.01335113359286816,0.9956101235391536,99.56101235391536
764,0.0001327469725700404,0.01327469725700404,0.9957428705117236,99.57428705117236
765,0.00013203340254205426,0.013203340254205425,0.9958749039142657,99.58749039142657
766,0.00013100036030725952,0.013100036030725952,0.9960059042745729,99.60059042745729
767,0.00013098801253879134,0.013098801253879133,0.9961368922871117,99.61368922871117
768,0.00013005886844816067,0.013005886844816067,0.9962669511555599,99.62669511555599
769,0.0001292039579602507,0.01292039579602507,0.9963961551135201,99.639615511352
770,0.0001283679161865089,0.01283679161865089,0.9965245230297066,99.65245230297066
771,0.00012814680704875128,0.012814680704875127,0.9966526698367554,99.66526698367554
772,0.00012749701716142911,0.012749701716142911,0.9967801668539168,99.67801668539168
773,0.00012709676930536653,0.012709676930536653,0.9969072636232221,99.69072636232221
774,0.00012506554602795085,0.012506554602795084,0.9970323291692501,99.70323291692502
775,0.00012446237449655883,0.012446237449655883,0.9971567915437467,99.71567915437467
776,0.00012427648770713137,0.012427648770713137,0.9972810680314539,99.7281068031454
777,0.0001235648191896008,0.01235648191896008,0.9974046328506435,99.74046328506435
778,0.00012291844675557735,0.012291844675557734,0.9975275512973991,99.75275512973991
779,0.00012269059699711093,0.012269059699711093,0.9976502418943962,99.76502418943963
780,0.0001224652508663781,0.01224652508663781,0.9977727071452626,99.77727071452625
781,0.000121007512170409,0.0121007512170409,0.9978937146574329,99.78937146574329
782,0.00012033318877341738,0.012033318877341737,0.9980140478462064,99.80140478462064
783,0.00011969643326457076,0.011969643326457075,0.998133744279471,99.8133744279471
784,0.00011906968151013414,0.011906968151013414,0.9982528139609811,99.8252813960981
785,0.00011752310848016477,0.011752310848016477,0.9983703370694612,99.83703370694612
786,0.00011602171999625248,0.011602171999625249,0.9984863587894575,99.84863587894574
787,0.0001153994245479579,0.01153994245479579,0.9986017582140054,99.86017582140055
788,0.00011494463320970008,0.011494463320970007,0.9987167028472151,99.87167028472152
789,0.00011305318326367163,0.011305318326367162,0.9988297560304789,99.88297560304788
790,0.00011250257122396649,0.011250257122396648,0.9989422586017028,99.89422586017028
791,0.00011172714630943169,0.01117271463094317,0.9990539857480123,99.90539857480123
792,0.00011104464150704241,0.01110446415070424,0.9991650303895193,99.91650303895193
793,0.00010898349630391546,0.010898349630391546,0.9992740138858233,99.92740138858233
794,0.00010859689572998486,0.010859689572998486,0.9993826107815532,99.93826107815532
795,0.0001076886792053363,0.01076886792053363,0.9994902994607585,99.94902994607585
796,0.00010581763671891373,0.010581763671891373,0.9995961170974774,99.95961170974775
797,0.00010451962707596287,0.010451962707596288,0.9997006367245533,99.97006367245534
798,0.00010385655092882398,0.010385655092882399,0.9998044932754822,99.98044932754821
799,9.841691109984595e-05,0.009841691109984594,0.999902910186582,99.9902910186582
800,9.708981341944749e-05,0.009708981341944749,1.0000000000000013,100.00000000000013
801,7.717247043266673e-34,7.717247043266673e-32,1.0000000000000013,100.00000000000013
